<?xml version='1.0' encoding='UTF-8' ?>
<!DOCTYPE torrent PUBLIC "-//bitTorrent//DTD torrent 0.1//EN" "http://xmlns.ezrss.it/0.1/dtd/">
<rss version="2.0" xmlns:dc="http://purl.org/dc/elements/1.1/">
	<channel>
		<title>The Pirate Bay - Movies</title>
		<link>http://thepiratebay.org</link>
		<description>The top100 torrents from The Pirate Bay</description>
		<language>en</language>
		<pubDate>Sat, 07 Apr 2018 18:00:19 +0200</pubDate>
		<lastBuildDate>Sat, 07 Apr 2018 18:00:19 +0200</lastBuildDate>
		<docs>http://blogs.law.harvard.edu/tech/rss</docs>
		<generator>TPB RSS Generator 1.2</generator>

		<item>
			<title><![CDATA[Black Panther 2018 NEW PROPER HD-TS X264-CPG]]></title>
			<link>magnet:?xt=urn:btih:726B4809351ADF6FEDC6AD779762829BF5512AE1&amp;dn=Black+Panther+2018+NEW+PROPER+HD-TS+X264-CPG</link>
			<comments>http://thepiratebay.org/torrent/20265593</comments>
			<pubDate>Sat, 24 Feb 2018 14:35:22 +0100</pubDate>
			<category domain="http://thepiratebay.org/browse/201"><![CDATA[Video / Movies]]></category>
			<dc:creator><![CDATA[xxxlavalxxx]]></dc:creator>
			<guid>http://thepiratebay.org/torrent/20265593/</guid>
			<torrent xmlns="http://xmlns.ezrss.it/0.1/">
				<contentLength>2559443022</contentLength>
				<infoHash>726B4809351ADF6FEDC6AD779762829BF5512AE1</infoHash>
				<magnetURI><![CDATA[magnet:?xt=urn:btih:726B4809351ADF6FEDC6AD779762829BF5512AE1&amp;dn=Black+Panther+2018+NEW+PROPER+HD-TS+X264-CPG]]></magnetURI>
			</torrent>
		</item>
		<item>
			<title><![CDATA[Maze Runner The Death Cure 2018 HDTC-720P-X264-MP3-]]></title>
			<link>magnet:?xt=urn:btih:0726C8A148E203B8F311547E831D9BAA6A26837C&amp;dn=Maze+Runner+The+Death+Cure+2018+HDTC-720P-X264-MP3-</link>
			<comments>http://thepiratebay.org/torrent/20430766</comments>
			<pubDate>Wed, 07 Mar 2018 06:14:53 +0100</pubDate>
			<category domain="http://thepiratebay.org/browse/201"><![CDATA[Video / Movies]]></category>
			<dc:creator><![CDATA[makintos13]]></dc:creator>
			<guid>http://thepiratebay.org/torrent/20430766/</guid>
			<torrent xmlns="http://xmlns.ezrss.it/0.1/">
				<contentLength>1487381855</contentLength>
				<infoHash>0726C8A148E203B8F311547E831D9BAA6A26837C</infoHash>
				<magnetURI><![CDATA[magnet:?xt=urn:btih:0726C8A148E203B8F311547E831D9BAA6A26837C&amp;dn=Maze+Runner+The+Death+Cure+2018+HDTC-720P-X264-MP3-]]></magnetURI>
			</torrent>
		</item>
		<item>
			<title><![CDATA[Fifty Shades Freed 2018 NEW 720p HD-TS X264-UNiQUE]]></title>
			<link>magnet:?xt=urn:btih:12612E4AE81F4549AF6E127AC525879204BB8245&amp;dn=Fifty+Shades+Freed+2018+NEW+720p+HD-TS+X264-UNiQUE</link>
			<comments>http://thepiratebay.org/torrent/20077743</comments>
			<pubDate>Wed, 14 Feb 2018 15:16:46 +0100</pubDate>
			<category domain="http://thepiratebay.org/browse/201"><![CDATA[Video / Movies]]></category>
			<dc:creator><![CDATA[makintos13]]></dc:creator>
			<guid>http://thepiratebay.org/torrent/20077743/</guid>
			<torrent xmlns="http://xmlns.ezrss.it/0.1/">
				<contentLength>2003370638</contentLength>
				<infoHash>12612E4AE81F4549AF6E127AC525879204BB8245</infoHash>
				<magnetURI><![CDATA[magnet:?xt=urn:btih:12612E4AE81F4549AF6E127AC525879204BB8245&amp;dn=Fifty+Shades+Freed+2018+NEW+720p+HD-TS+X264-UNiQUE]]></magnetURI>
			</torrent>
		</item>
		<item>
			<title><![CDATA[Three.Billboards.Outside.Ebbing,Missouri.2017.DVDScr.XVID.AC3...]]></title>
			<link>magnet:?xt=urn:btih:4EF3180F2D2C14E55D61B67C3B888793B5267195&amp;dn=Three.Billboards.Outside.Ebbing%2CMissouri.2017.DVDScr.XVID.AC3...</link>
			<comments>http://thepiratebay.org/torrent/19484018</comments>
			<pubDate>Wed, 27 Dec 2017 00:42:41 +0100</pubDate>
			<category domain="http://thepiratebay.org/browse/201"><![CDATA[Video / Movies]]></category>
			<dc:creator><![CDATA[EtHD]]></dc:creator>
			<guid>http://thepiratebay.org/torrent/19484018/</guid>
			<torrent xmlns="http://xmlns.ezrss.it/0.1/">
				<contentLength>1637130512</contentLength>
				<infoHash>4EF3180F2D2C14E55D61B67C3B888793B5267195</infoHash>
				<magnetURI><![CDATA[magnet:?xt=urn:btih:4EF3180F2D2C14E55D61B67C3B888793B5267195&amp;dn=Three.Billboards.Outside.Ebbing%2CMissouri.2017.DVDScr.XVID.AC3...]]></magnetURI>
			</torrent>
		</item>
		<item>
			<title><![CDATA[The.Shape.of.Water.2017.DVDScr.XVID.AC3.HQ.Hive-CM8[EtMovies]]]></title>
			<link>magnet:?xt=urn:btih:9D9B0A063B9DD4AAD72DFB6E62617E343AB024F8&amp;dn=The.Shape.of.Water.2017.DVDScr.XVID.AC3.HQ.Hive-CM8%5BEtMovies%5D</link>
			<comments>http://thepiratebay.org/torrent/19589749</comments>
			<pubDate>Sun, 07 Jan 2018 17:09:09 +0100</pubDate>
			<category domain="http://thepiratebay.org/browse/201"><![CDATA[Video / Movies]]></category>
			<dc:creator><![CDATA[EtHD]]></dc:creator>
			<guid>http://thepiratebay.org/torrent/19589749/</guid>
			<torrent xmlns="http://xmlns.ezrss.it/0.1/">
				<contentLength>1850247440</contentLength>
				<infoHash>9D9B0A063B9DD4AAD72DFB6E62617E343AB024F8</infoHash>
				<magnetURI><![CDATA[magnet:?xt=urn:btih:9D9B0A063B9DD4AAD72DFB6E62617E343AB024F8&amp;dn=The.Shape.of.Water.2017.DVDScr.XVID.AC3.HQ.Hive-CM8%5BEtMovies%5D]]></magnetURI>
			</torrent>
		</item>
		<item>
			<title><![CDATA[The Greatest Showman 2017 720p BluRay HEVC x265-RMTeam ]]></title>
			<link>magnet:?xt=urn:btih:11516A493655C6ED33E0B12D6BA9C70C9F2E22AA&amp;dn=The+Greatest+Showman+2017+720p+BluRay+HEVC+x265-RMTeam+</link>
			<comments>http://thepiratebay.org/torrent/20750345</comments>
			<pubDate>Mon, 26 Mar 2018 06:57:05 +0200</pubDate>
			<category domain="http://thepiratebay.org/browse/201"><![CDATA[Video / Movies]]></category>
			<dc:creator><![CDATA[.BONE.]]></dc:creator>
			<guid>http://thepiratebay.org/torrent/20750345/</guid>
			<torrent xmlns="http://xmlns.ezrss.it/0.1/">
				<contentLength>606593441</contentLength>
				<infoHash>11516A493655C6ED33E0B12D6BA9C70C9F2E22AA</infoHash>
				<magnetURI><![CDATA[magnet:?xt=urn:btih:11516A493655C6ED33E0B12D6BA9C70C9F2E22AA&amp;dn=The+Greatest+Showman+2017+720p+BluRay+HEVC+x265-RMTeam+]]></magnetURI>
			</torrent>
		</item>
		<item>
			<title><![CDATA[Blade Runner 2049.HDRip.XviD.AC3-EVO]]></title>
			<link>magnet:?xt=urn:btih:4C9D18E1CDE6DACD39F6443D76DDBA8E7E82A06B&amp;dn=Blade+Runner+2049.HDRip.XviD.AC3-EVO</link>
			<comments>http://thepiratebay.org/torrent/19465184</comments>
			<pubDate>Mon, 25 Dec 2017 17:45:06 +0100</pubDate>
			<category domain="http://thepiratebay.org/browse/201"><![CDATA[Video / Movies]]></category>
			<dc:creator><![CDATA[xxxlavalxxx]]></dc:creator>
			<guid>http://thepiratebay.org/torrent/19465184/</guid>
			<torrent xmlns="http://xmlns.ezrss.it/0.1/">
				<contentLength>1890144693</contentLength>
				<infoHash>4C9D18E1CDE6DACD39F6443D76DDBA8E7E82A06B</infoHash>
				<magnetURI><![CDATA[magnet:?xt=urn:btih:4C9D18E1CDE6DACD39F6443D76DDBA8E7E82A06B&amp;dn=Blade+Runner+2049.HDRip.XviD.AC3-EVO]]></magnetURI>
			</torrent>
		</item>
		<item>
			<title><![CDATA[The.Post.2017.DVDScr.XVID.AC3.HQ.Hive-CM8[EtMovies]]]></title>
			<link>magnet:?xt=urn:btih:C88E2B73606C9E1E71187E7A5ABC5BF05BCCE458&amp;dn=The.Post.2017.DVDScr.XVID.AC3.HQ.Hive-CM8%5BEtMovies%5D</link>
			<comments>http://thepiratebay.org/torrent/19777804</comments>
			<pubDate>Tue, 23 Jan 2018 00:59:07 +0100</pubDate>
			<category domain="http://thepiratebay.org/browse/201"><![CDATA[Video / Movies]]></category>
			<dc:creator><![CDATA[EtHD]]></dc:creator>
			<guid>http://thepiratebay.org/torrent/19777804/</guid>
			<torrent xmlns="http://xmlns.ezrss.it/0.1/">
				<contentLength>1724717328</contentLength>
				<infoHash>C88E2B73606C9E1E71187E7A5ABC5BF05BCCE458</infoHash>
				<magnetURI><![CDATA[magnet:?xt=urn:btih:C88E2B73606C9E1E71187E7A5ABC5BF05BCCE458&amp;dn=The.Post.2017.DVDScr.XVID.AC3.HQ.Hive-CM8%5BEtMovies%5D]]></magnetURI>
			</torrent>
		</item>
		<item>
			<title><![CDATA[Jumanji Welcome To The Jungle 2017 NEW 720p HD-TS X264 HQ-CPG]]></title>
			<link>magnet:?xt=urn:btih:9F22134B8D504921745012528490022F62DBAD42&amp;dn=Jumanji+Welcome+To+The+Jungle+2017+NEW+720p+HD-TS+X264+HQ-CPG</link>
			<comments>http://thepiratebay.org/torrent/19529664</comments>
			<pubDate>Sun, 31 Dec 2017 13:32:12 +0100</pubDate>
			<category domain="http://thepiratebay.org/browse/201"><![CDATA[Video / Movies]]></category>
			<dc:creator><![CDATA[makintos13]]></dc:creator>
			<guid>http://thepiratebay.org/torrent/19529664/</guid>
			<torrent xmlns="http://xmlns.ezrss.it/0.1/">
				<contentLength>3082613902</contentLength>
				<infoHash>9F22134B8D504921745012528490022F62DBAD42</infoHash>
				<magnetURI><![CDATA[magnet:?xt=urn:btih:9F22134B8D504921745012528490022F62DBAD42&amp;dn=Jumanji+Welcome+To+The+Jungle+2017+NEW+720p+HD-TS+X264+HQ-CPG]]></magnetURI>
			</torrent>
		</item>
		<item>
			<title><![CDATA[Black Panther (2018) 720p HDTS 999MB]]></title>
			<link>magnet:?xt=urn:btih:E3D9F519A862EF2DA2A7A7A12C19DEC365F49593&amp;dn=Black+Panther+%282018%29+720p+HDTS+999MB</link>
			<comments>http://thepiratebay.org/torrent/20380879</comments>
			<pubDate>Sat, 03 Mar 2018 07:17:12 +0100</pubDate>
			<category domain="http://thepiratebay.org/browse/201"><![CDATA[Video / Movies]]></category>
			<dc:creator><![CDATA[makintos13]]></dc:creator>
			<guid>http://thepiratebay.org/torrent/20380879/</guid>
			<torrent xmlns="http://xmlns.ezrss.it/0.1/">
				<contentLength>1059307148</contentLength>
				<infoHash>E3D9F519A862EF2DA2A7A7A12C19DEC365F49593</infoHash>
				<magnetURI><![CDATA[magnet:?xt=urn:btih:E3D9F519A862EF2DA2A7A7A12C19DEC365F49593&amp;dn=Black+Panther+%282018%29+720p+HDTS+999MB]]></magnetURI>
			</torrent>
		</item>
		<item>
			<title><![CDATA[Sonu Ke Titu Ki Sweety (2018) Hindi 720p PRE x264 AAC ]]></title>
			<link>magnet:?xt=urn:btih:487B13850E3ADCC621073BA27954E575BB8A3FBF&amp;dn=Sonu+Ke+Titu+Ki+Sweety+%282018%29+Hindi+720p+PRE+x264+AAC+</link>
			<comments>http://thepiratebay.org/torrent/20265310</comments>
			<pubDate>Sat, 24 Feb 2018 13:33:50 +0100</pubDate>
			<category domain="http://thepiratebay.org/browse/201"><![CDATA[Video / Movies]]></category>
			<dc:creator><![CDATA[makintos13]]></dc:creator>
			<guid>http://thepiratebay.org/torrent/20265310/</guid>
			<torrent xmlns="http://xmlns.ezrss.it/0.1/">
				<contentLength>1090777854</contentLength>
				<infoHash>487B13850E3ADCC621073BA27954E575BB8A3FBF</infoHash>
				<magnetURI><![CDATA[magnet:?xt=urn:btih:487B13850E3ADCC621073BA27954E575BB8A3FBF&amp;dn=Sonu+Ke+Titu+Ki+Sweety+%282018%29+Hindi+720p+PRE+x264+AAC+]]></magnetURI>
			</torrent>
		</item>
		<item>
			<title><![CDATA[Baaghi 2 (2018) Hindi Movie Pre-DVDRip x264]]></title>
			<link>magnet:?xt=urn:btih:95CCAD19F7E1B2E05D1834E5D4BD13F1A111FAD1&amp;dn=Baaghi+2+%282018%29+Hindi+Movie+Pre-DVDRip+x264</link>
			<comments>http://thepiratebay.org/torrent/20850696</comments>
			<pubDate>Sat, 31 Mar 2018 17:15:49 +0200</pubDate>
			<category domain="http://thepiratebay.org/browse/201"><![CDATA[Video / Movies]]></category>
			<dc:creator><![CDATA[makintos13]]></dc:creator>
			<guid>http://thepiratebay.org/torrent/20850696/</guid>
			<torrent xmlns="http://xmlns.ezrss.it/0.1/">
				<contentLength>763271658</contentLength>
				<infoHash>95CCAD19F7E1B2E05D1834E5D4BD13F1A111FAD1</infoHash>
				<magnetURI><![CDATA[magnet:?xt=urn:btih:95CCAD19F7E1B2E05D1834E5D4BD13F1A111FAD1&amp;dn=Baaghi+2+%282018%29+Hindi+Movie+Pre-DVDRip+x264]]></magnetURI>
			</torrent>
		</item>
		<item>
			<title><![CDATA[Call Me By Your Name 2017 DVDSCR X264 CataVentos[EtMovies]]]></title>
			<link>magnet:?xt=urn:btih:9FE8D477E2FA4245A6B3911D5ED7D18CB7510853&amp;dn=Call+Me+By+Your+Name+2017+DVDSCR+X264+CataVentos%5BEtMovies%5D</link>
			<comments>http://thepiratebay.org/torrent/19417529</comments>
			<pubDate>Wed, 20 Dec 2017 23:55:09 +0100</pubDate>
			<category domain="http://thepiratebay.org/browse/201"><![CDATA[Video / Movies]]></category>
			<dc:creator><![CDATA[EtHD]]></dc:creator>
			<guid>http://thepiratebay.org/torrent/19417529/</guid>
			<torrent xmlns="http://xmlns.ezrss.it/0.1/">
				<contentLength>867550876</contentLength>
				<infoHash>9FE8D477E2FA4245A6B3911D5ED7D18CB7510853</infoHash>
				<magnetURI><![CDATA[magnet:?xt=urn:btih:9FE8D477E2FA4245A6B3911D5ED7D18CB7510853&amp;dn=Call+Me+By+Your+Name+2017+DVDSCR+X264+CataVentos%5BEtMovies%5D]]></magnetURI>
			</torrent>
		</item>
		<item>
			<title><![CDATA[Lady.Bird.2017.DVDScr.XVID.AC3.HQ.Hive-CM8[EtMovies]]]></title>
			<link>magnet:?xt=urn:btih:85689B7CCC7A156D2022B6BFD2C05EABE97A054A&amp;dn=Lady.Bird.2017.DVDScr.XVID.AC3.HQ.Hive-CM8%5BEtMovies%5D</link>
			<comments>http://thepiratebay.org/torrent/19474194</comments>
			<pubDate>Tue, 26 Dec 2017 03:05:12 +0100</pubDate>
			<category domain="http://thepiratebay.org/browse/201"><![CDATA[Video / Movies]]></category>
			<dc:creator><![CDATA[EtHD]]></dc:creator>
			<guid>http://thepiratebay.org/torrent/19474194/</guid>
			<torrent xmlns="http://xmlns.ezrss.it/0.1/">
				<contentLength>1512589584</contentLength>
				<infoHash>85689B7CCC7A156D2022B6BFD2C05EABE97A054A</infoHash>
				<magnetURI><![CDATA[magnet:?xt=urn:btih:85689B7CCC7A156D2022B6BFD2C05EABE97A054A&amp;dn=Lady.Bird.2017.DVDScr.XVID.AC3.HQ.Hive-CM8%5BEtMovies%5D]]></magnetURI>
			</torrent>
		</item>
		<item>
			<title><![CDATA[12.Strong.2018.HDRip.XviD.AC3-EVO[EtMovies]]]></title>
			<link>magnet:?xt=urn:btih:744B61540136DA63787FD49964740DB9B86EBEB7&amp;dn=12.Strong.2018.HDRip.XviD.AC3-EVO%5BEtMovies%5D</link>
			<comments>http://thepiratebay.org/torrent/20916090</comments>
			<pubDate>Tue, 03 Apr 2018 06:37:36 +0200</pubDate>
			<category domain="http://thepiratebay.org/browse/201"><![CDATA[Video / Movies]]></category>
			<dc:creator><![CDATA[EtHD]]></dc:creator>
			<guid>http://thepiratebay.org/torrent/20916090/</guid>
			<torrent xmlns="http://xmlns.ezrss.it/0.1/">
				<contentLength>1631203363</contentLength>
				<infoHash>744B61540136DA63787FD49964740DB9B86EBEB7</infoHash>
				<magnetURI><![CDATA[magnet:?xt=urn:btih:744B61540136DA63787FD49964740DB9B86EBEB7&amp;dn=12.Strong.2018.HDRip.XviD.AC3-EVO%5BEtMovies%5D]]></magnetURI>
			</torrent>
		</item>
		<item>
			<title><![CDATA[Den of Thieves 2018 NEW 720p HD-TS X264-CPG]]></title>
			<link>magnet:?xt=urn:btih:25F0F0D20D13A1DDE1362D3DE1939428F2406F0E&amp;dn=Den+of+Thieves+2018+NEW+720p+HD-TS+X264-CPG</link>
			<comments>http://thepiratebay.org/torrent/19927477</comments>
			<pubDate>Sat, 03 Feb 2018 14:26:20 +0100</pubDate>
			<category domain="http://thepiratebay.org/browse/201"><![CDATA[Video / Movies]]></category>
			<dc:creator><![CDATA[xxxlavalxxx]]></dc:creator>
			<guid>http://thepiratebay.org/torrent/19927477/</guid>
			<torrent xmlns="http://xmlns.ezrss.it/0.1/">
				<contentLength>3272045359</contentLength>
				<infoHash>25F0F0D20D13A1DDE1362D3DE1939428F2406F0E</infoHash>
				<magnetURI><![CDATA[magnet:?xt=urn:btih:25F0F0D20D13A1DDE1362D3DE1939428F2406F0E&amp;dn=Den+of+Thieves+2018+NEW+720p+HD-TS+X264-CPG]]></magnetURI>
			</torrent>
		</item>
		<item>
			<title><![CDATA[The Assasins Code 2018.HC.HDRip.XviD.AC3-EVO[EtMovies]]]></title>
			<link>magnet:?xt=urn:btih:209ECC52E8A697A563ED52B0A438E03646E92990&amp;dn=The+Assasins+Code+2018.HC.HDRip.XviD.AC3-EVO%5BEtMovies%5D</link>
			<comments>http://thepiratebay.org/torrent/21012361</comments>
			<pubDate>Fri, 06 Apr 2018 11:45:56 +0200</pubDate>
			<category domain="http://thepiratebay.org/browse/201"><![CDATA[Video / Movies]]></category>
			<dc:creator><![CDATA[EtHD]]></dc:creator>
			<guid>http://thepiratebay.org/torrent/21012361/</guid>
			<torrent xmlns="http://xmlns.ezrss.it/0.1/">
				<contentLength>1508875831</contentLength>
				<infoHash>209ECC52E8A697A563ED52B0A438E03646E92990</infoHash>
				<magnetURI><![CDATA[magnet:?xt=urn:btih:209ECC52E8A697A563ED52B0A438E03646E92990&amp;dn=The+Assasins+Code+2018.HC.HDRip.XviD.AC3-EVO%5BEtMovies%5D]]></magnetURI>
			</torrent>
		</item>
		<item>
			<title><![CDATA[Pacific Rim 2 Uprising 2018 NEW HDCAM 2D X264 HQMic-CPG]]></title>
			<link>magnet:?xt=urn:btih:6B11E1C5C9EDEF2802E84218E150AFDF7B9EBF30&amp;dn=Pacific+Rim+2+Uprising+2018+NEW+HDCAM+2D+X264+HQMic-CPG</link>
			<comments>http://thepiratebay.org/torrent/20724054</comments>
			<pubDate>Sat, 24 Mar 2018 05:33:54 +0100</pubDate>
			<category domain="http://thepiratebay.org/browse/201"><![CDATA[Video / Movies]]></category>
			<dc:creator><![CDATA[makintos13]]></dc:creator>
			<guid>http://thepiratebay.org/torrent/20724054/</guid>
			<torrent xmlns="http://xmlns.ezrss.it/0.1/">
				<contentLength>1672541375</contentLength>
				<infoHash>6B11E1C5C9EDEF2802E84218E150AFDF7B9EBF30</infoHash>
				<magnetURI><![CDATA[magnet:?xt=urn:btih:6B11E1C5C9EDEF2802E84218E150AFDF7B9EBF30&amp;dn=Pacific+Rim+2+Uprising+2018+NEW+HDCAM+2D+X264+HQMic-CPG]]></magnetURI>
			</torrent>
		</item>
		<item>
			<title><![CDATA[I.Kill.Giants.2018.HDRip.XviD.AC3-EVO]]></title>
			<link>magnet:?xt=urn:btih:2984D4C97634237C95EA49A2358418A9C2D54DEB&amp;dn=I.Kill.Giants.2018.HDRip.XviD.AC3-EVO</link>
			<comments>http://thepiratebay.org/torrent/20705443</comments>
			<pubDate>Fri, 23 Mar 2018 06:42:24 +0100</pubDate>
			<category domain="http://thepiratebay.org/browse/201"><![CDATA[Video / Movies]]></category>
			<dc:creator><![CDATA[xxxlavalxxx]]></dc:creator>
			<guid>http://thepiratebay.org/torrent/20705443/</guid>
			<torrent xmlns="http://xmlns.ezrss.it/0.1/">
				<contentLength>1468773426</contentLength>
				<infoHash>2984D4C97634237C95EA49A2358418A9C2D54DEB</infoHash>
				<magnetURI><![CDATA[magnet:?xt=urn:btih:2984D4C97634237C95EA49A2358418A9C2D54DEB&amp;dn=I.Kill.Giants.2018.HDRip.XviD.AC3-EVO]]></magnetURI>
			</torrent>
		</item>
		<item>
			<title><![CDATA[Coco 2017 HD-TS X264 HQ-CPG]]></title>
			<link>magnet:?xt=urn:btih:586E5DA18C32B85305EB9B6440545FC1FD21FF09&amp;dn=Coco+2017+HD-TS+X264+HQ-CPG</link>
			<comments>http://thepiratebay.org/torrent/19308107</comments>
			<pubDate>Thu, 07 Dec 2017 19:45:26 +0100</pubDate>
			<category domain="http://thepiratebay.org/browse/201"><![CDATA[Video / Movies]]></category>
			<dc:creator><![CDATA[xxxlavalxxx]]></dc:creator>
			<guid>http://thepiratebay.org/torrent/19308107/</guid>
			<torrent xmlns="http://xmlns.ezrss.it/0.1/">
				<contentLength>1654004052</contentLength>
				<infoHash>586E5DA18C32B85305EB9B6440545FC1FD21FF09</infoHash>
				<magnetURI><![CDATA[magnet:?xt=urn:btih:586E5DA18C32B85305EB9B6440545FC1FD21FF09&amp;dn=Coco+2017+HD-TS+X264+HQ-CPG]]></magnetURI>
			</torrent>
		</item>
		<item>
			<title><![CDATA[Ready Player One 2018 NEW 720p HDCAM HQMic-CPG]]></title>
			<link>magnet:?xt=urn:btih:FC77A8BD75BF44142154F422B1262DAC5584C385&amp;dn=Ready+Player+One+2018+NEW+720p+HDCAM+HQMic-CPG</link>
			<comments>http://thepiratebay.org/torrent/20844485</comments>
			<pubDate>Fri, 30 Mar 2018 22:04:13 +0200</pubDate>
			<category domain="http://thepiratebay.org/browse/201"><![CDATA[Video / Movies]]></category>
			<dc:creator><![CDATA[xxxlavalxxx]]></dc:creator>
			<guid>http://thepiratebay.org/torrent/20844485/</guid>
			<torrent xmlns="http://xmlns.ezrss.it/0.1/">
				<contentLength>2640547567</contentLength>
				<infoHash>FC77A8BD75BF44142154F422B1262DAC5584C385</infoHash>
				<magnetURI><![CDATA[magnet:?xt=urn:btih:FC77A8BD75BF44142154F422B1262DAC5584C385&amp;dn=Ready+Player+One+2018+NEW+720p+HDCAM+HQMic-CPG]]></magnetURI>
			</torrent>
		</item>
		<item>
			<title><![CDATA[Phantom Thread 2017 DVDSCR x264 AC3 TiTAN]]></title>
			<link>magnet:?xt=urn:btih:5EBD5BCE6C7A816C915FFF05F3A52C4F9E269ED3&amp;dn=Phantom+Thread+2017+DVDSCR+x264+AC3+TiTAN</link>
			<comments>http://thepiratebay.org/torrent/19970162</comments>
			<pubDate>Wed, 07 Feb 2018 12:37:40 +0100</pubDate>
			<category domain="http://thepiratebay.org/browse/201"><![CDATA[Video / Movies]]></category>
			<dc:creator><![CDATA[xxxlavalxxx]]></dc:creator>
			<guid>http://thepiratebay.org/torrent/19970162/</guid>
			<torrent xmlns="http://xmlns.ezrss.it/0.1/">
				<contentLength>1409791692</contentLength>
				<infoHash>5EBD5BCE6C7A816C915FFF05F3A52C4F9E269ED3</infoHash>
				<magnetURI><![CDATA[magnet:?xt=urn:btih:5EBD5BCE6C7A816C915FFF05F3A52C4F9E269ED3&amp;dn=Phantom+Thread+2017+DVDSCR+x264+AC3+TiTAN]]></magnetURI>
			</torrent>
		</item>
		<item>
			<title><![CDATA[Baaghi 2 (2018) Hindi 720p Pre x264 AAC - Downloadhub]]></title>
			<link>magnet:?xt=urn:btih:4C7D865359882F316731EA21FF522B4CFBE56793&amp;dn=Baaghi+2+%282018%29+Hindi+720p+Pre+x264+AAC+-+Downloadhub</link>
			<comments>http://thepiratebay.org/torrent/20850702</comments>
			<pubDate>Sat, 31 Mar 2018 17:19:22 +0200</pubDate>
			<category domain="http://thepiratebay.org/browse/201"><![CDATA[Video / Movies]]></category>
			<dc:creator><![CDATA[makintos13]]></dc:creator>
			<guid>http://thepiratebay.org/torrent/20850702/</guid>
			<torrent xmlns="http://xmlns.ezrss.it/0.1/">
				<contentLength>1196993173</contentLength>
				<infoHash>4C7D865359882F316731EA21FF522B4CFBE56793</infoHash>
				<magnetURI><![CDATA[magnet:?xt=urn:btih:4C7D865359882F316731EA21FF522B4CFBE56793&amp;dn=Baaghi+2+%282018%29+Hindi+720p+Pre+x264+AAC+-+Downloadhub]]></magnetURI>
			</torrent>
		</item>
		<item>
			<title><![CDATA[Raid 2018 Hindi Movie Pre-DVDRip x264]]></title>
			<link>magnet:?xt=urn:btih:A91CCC232EDB30B1F2DF8CB0AF95328DBE0C12F6&amp;dn=Raid+2018+Hindi+Movie+Pre-DVDRip+x264</link>
			<comments>http://thepiratebay.org/torrent/20618539</comments>
			<pubDate>Sat, 17 Mar 2018 10:09:51 +0100</pubDate>
			<category domain="http://thepiratebay.org/browse/201"><![CDATA[Video / Movies]]></category>
			<dc:creator><![CDATA[makintos13]]></dc:creator>
			<guid>http://thepiratebay.org/torrent/20618539/</guid>
			<torrent xmlns="http://xmlns.ezrss.it/0.1/">
				<contentLength>752467296</contentLength>
				<infoHash>A91CCC232EDB30B1F2DF8CB0AF95328DBE0C12F6</infoHash>
				<magnetURI><![CDATA[magnet:?xt=urn:btih:A91CCC232EDB30B1F2DF8CB0AF95328DBE0C12F6&amp;dn=Raid+2018+Hindi+Movie+Pre-DVDRip+x264]]></magnetURI>
			</torrent>
		</item>
		<item>
			<title><![CDATA[Logan.2017.DVDRip.XviD.AC3-EVO]]></title>
			<link>magnet:?xt=urn:btih:36B16BFD127269F2C4671F94DCB719AADC28C279&amp;dn=Logan.2017.DVDRip.XviD.AC3-EVO</link>
			<comments>http://thepiratebay.org/torrent/17755064</comments>
			<pubDate>Tue, 09 May 2017 15:28:22 +0200</pubDate>
			<category domain="http://thepiratebay.org/browse/201"><![CDATA[Video / Movies]]></category>
			<dc:creator><![CDATA[xxxlavalxxx]]></dc:creator>
			<guid>http://thepiratebay.org/torrent/17755064/</guid>
			<torrent xmlns="http://xmlns.ezrss.it/0.1/">
				<contentLength>1700799394</contentLength>
				<infoHash>36B16BFD127269F2C4671F94DCB719AADC28C279</infoHash>
				<magnetURI><![CDATA[magnet:?xt=urn:btih:36B16BFD127269F2C4671F94DCB719AADC28C279&amp;dn=Logan.2017.DVDRip.XviD.AC3-EVO]]></magnetURI>
			</torrent>
		</item>
		<item>
			<title><![CDATA[All the Money in the World 2017 BRRip XviD AC3-EVO]]></title>
			<link>magnet:?xt=urn:btih:95C5F138C8C85CB106E680082B26F5F43F3E02FB&amp;dn=All+the+Money+in+the+World+2017+BRRip+XviD+AC3-EVO</link>
			<comments>http://thepiratebay.org/torrent/20721522</comments>
			<pubDate>Fri, 23 Mar 2018 23:37:18 +0100</pubDate>
			<category domain="http://thepiratebay.org/browse/201"><![CDATA[Video / Movies]]></category>
			<dc:creator><![CDATA[hotpena]]></dc:creator>
			<guid>http://thepiratebay.org/torrent/20721522/</guid>
			<torrent xmlns="http://xmlns.ezrss.it/0.1/">
				<contentLength>1639321474</contentLength>
				<infoHash>95C5F138C8C85CB106E680082B26F5F43F3E02FB</infoHash>
				<magnetURI><![CDATA[magnet:?xt=urn:btih:95C5F138C8C85CB106E680082B26F5F43F3E02FB&amp;dn=All+the+Money+in+the+World+2017+BRRip+XviD+AC3-EVO]]></magnetURI>
			</torrent>
		</item>
		<item>
			<title><![CDATA[Suicide Squad Hell to Pay.2018.HDRip.XviD.AC3-EVO]]></title>
			<link>magnet:?xt=urn:btih:46EA3D59E7D7AB78DBD35FFBC52B99B34DF84038&amp;dn=Suicide+Squad+Hell+to+Pay.2018.HDRip.XviD.AC3-EVO</link>
			<comments>http://thepiratebay.org/torrent/20769622</comments>
			<pubDate>Tue, 27 Mar 2018 07:34:45 +0200</pubDate>
			<category domain="http://thepiratebay.org/browse/201"><![CDATA[Video / Movies]]></category>
			<dc:creator><![CDATA[xxxlavalxxx]]></dc:creator>
			<guid>http://thepiratebay.org/torrent/20769622/</guid>
			<torrent xmlns="http://xmlns.ezrss.it/0.1/">
				<contentLength>1178679325</contentLength>
				<infoHash>46EA3D59E7D7AB78DBD35FFBC52B99B34DF84038</infoHash>
				<magnetURI><![CDATA[magnet:?xt=urn:btih:46EA3D59E7D7AB78DBD35FFBC52B99B34DF84038&amp;dn=Suicide+Squad+Hell+to+Pay.2018.HDRip.XviD.AC3-EVO]]></magnetURI>
			</torrent>
		</item>
		<item>
			<title><![CDATA[I,Tonya.2017.DVDScr.XVID.HQ.Hive-CM8[EtMovies]]]></title>
			<link>magnet:?xt=urn:btih:DFE0DE3BDB85BC2F059C519844B6FA927593D612&amp;dn=I%2CTonya.2017.DVDScr.XVID.HQ.Hive-CM8%5BEtMovies%5D</link>
			<comments>http://thepiratebay.org/torrent/19473053</comments>
			<pubDate>Tue, 26 Dec 2017 01:45:09 +0100</pubDate>
			<category domain="http://thepiratebay.org/browse/201"><![CDATA[Video / Movies]]></category>
			<dc:creator><![CDATA[EtHD]]></dc:creator>
			<guid>http://thepiratebay.org/torrent/19473053/</guid>
			<torrent xmlns="http://xmlns.ezrss.it/0.1/">
				<contentLength>1595144464</contentLength>
				<infoHash>DFE0DE3BDB85BC2F059C519844B6FA927593D612</infoHash>
				<magnetURI><![CDATA[magnet:?xt=urn:btih:DFE0DE3BDB85BC2F059C519844B6FA927593D612&amp;dn=I%2CTonya.2017.DVDScr.XVID.HQ.Hive-CM8%5BEtMovies%5D]]></magnetURI>
			</torrent>
		</item>
		<item>
			<title><![CDATA[Tomb Raider 2018 NEW TS.XViD.AC3-ETRG]]></title>
			<link>magnet:?xt=urn:btih:6999723FBE58036C80B7BCA33D6D4A2054247DCC&amp;dn=Tomb+Raider+2018+NEW+TS.XViD.AC3-ETRG</link>
			<comments>http://thepiratebay.org/torrent/20668049</comments>
			<pubDate>Tue, 20 Mar 2018 16:28:47 +0100</pubDate>
			<category domain="http://thepiratebay.org/browse/201"><![CDATA[Video / Movies]]></category>
			<dc:creator><![CDATA[ETRG]]></dc:creator>
			<guid>http://thepiratebay.org/torrent/20668049/</guid>
			<torrent xmlns="http://xmlns.ezrss.it/0.1/">
				<contentLength>1367608571</contentLength>
				<infoHash>6999723FBE58036C80B7BCA33D6D4A2054247DCC</infoHash>
				<magnetURI><![CDATA[magnet:?xt=urn:btih:6999723FBE58036C80B7BCA33D6D4A2054247DCC&amp;dn=Tomb+Raider+2018+NEW+TS.XViD.AC3-ETRG]]></magnetURI>
			</torrent>
		</item>
		<item>
			<title><![CDATA[The.Disaster.Artist.2017.DVDScr.XVID.AC3.HQ.Hive-CM8[EtMovies...]]></title>
			<link>magnet:?xt=urn:btih:AC7107348F5C465008D7D92F7EB2CA1C3EFA22BA&amp;dn=The.Disaster.Artist.2017.DVDScr.XVID.AC3.HQ.Hive-CM8%5BEtMovies...</link>
			<comments>http://thepiratebay.org/torrent/19527308</comments>
			<pubDate>Sun, 31 Dec 2017 01:57:16 +0100</pubDate>
			<category domain="http://thepiratebay.org/browse/201"><![CDATA[Video / Movies]]></category>
			<dc:creator><![CDATA[EtHD]]></dc:creator>
			<guid>http://thepiratebay.org/torrent/19527308/</guid>
			<torrent xmlns="http://xmlns.ezrss.it/0.1/">
				<contentLength>1520347408</contentLength>
				<infoHash>AC7107348F5C465008D7D92F7EB2CA1C3EFA22BA</infoHash>
				<magnetURI><![CDATA[magnet:?xt=urn:btih:AC7107348F5C465008D7D92F7EB2CA1C3EFA22BA&amp;dn=The.Disaster.Artist.2017.DVDScr.XVID.AC3.HQ.Hive-CM8%5BEtMovies...]]></magnetURI>
			</torrent>
		</item>
		<item>
			<title><![CDATA[Thor Ragnarok 2017 NEW FULL HDCAM ENG X264-DADDY]]></title>
			<link>magnet:?xt=urn:btih:32A80BB822A307D8759D78A68937273056351760&amp;dn=Thor+Ragnarok+2017+NEW+FULL+HDCAM+ENG+X264-DADDY</link>
			<comments>http://thepiratebay.org/torrent/18958913</comments>
			<pubDate>Sun, 05 Nov 2017 08:41:33 +0100</pubDate>
			<category domain="http://thepiratebay.org/browse/201"><![CDATA[Video / Movies]]></category>
			<dc:creator><![CDATA[xxxlavalxxx]]></dc:creator>
			<guid>http://thepiratebay.org/torrent/18958913/</guid>
			<torrent xmlns="http://xmlns.ezrss.it/0.1/">
				<contentLength>2178620643</contentLength>
				<infoHash>32A80BB822A307D8759D78A68937273056351760</infoHash>
				<magnetURI><![CDATA[magnet:?xt=urn:btih:32A80BB822A307D8759D78A68937273056351760&amp;dn=Thor+Ragnarok+2017+NEW+FULL+HDCAM+ENG+X264-DADDY]]></magnetURI>
			</torrent>
		</item>
		<item>
			<title><![CDATA[Black.Panther.2018.ENG.HDCAM.x264[SpaceMov]]]></title>
			<link>magnet:?xt=urn:btih:15FB503FD621A353B8DF9AF8823D5605D755D89B&amp;dn=Black.Panther.2018.ENG.HDCAM.x264%5BSpaceMov%5D</link>
			<comments>http://thepiratebay.org/torrent/20099343</comments>
			<pubDate>Fri, 16 Feb 2018 04:31:53 +0100</pubDate>
			<category domain="http://thepiratebay.org/browse/201"><![CDATA[Video / Movies]]></category>
			<dc:creator><![CDATA[makintos13]]></dc:creator>
			<guid>http://thepiratebay.org/torrent/20099343/</guid>
			<torrent xmlns="http://xmlns.ezrss.it/0.1/">
				<contentLength>1229387867</contentLength>
				<infoHash>15FB503FD621A353B8DF9AF8823D5605D755D89B</infoHash>
				<magnetURI><![CDATA[magnet:?xt=urn:btih:15FB503FD621A353B8DF9AF8823D5605D755D89B&amp;dn=Black.Panther.2018.ENG.HDCAM.x264%5BSpaceMov%5D]]></magnetURI>
			</torrent>
		</item>
		<item>
			<title><![CDATA[Justice League 2017 NEW HD-TS X264 HQ-CPG]]></title>
			<link>magnet:?xt=urn:btih:C90719ADB074FAA056EEF16D4297714E1A4BA94F&amp;dn=Justice+League+2017+NEW+HD-TS+X264+HQ-CPG</link>
			<comments>http://thepiratebay.org/torrent/19099889</comments>
			<pubDate>Sun, 19 Nov 2017 20:47:44 +0100</pubDate>
			<category domain="http://thepiratebay.org/browse/201"><![CDATA[Video / Movies]]></category>
			<dc:creator><![CDATA[xxxlavalxxx]]></dc:creator>
			<guid>http://thepiratebay.org/torrent/19099889/</guid>
			<torrent xmlns="http://xmlns.ezrss.it/0.1/">
				<contentLength>2256368487</contentLength>
				<infoHash>C90719ADB074FAA056EEF16D4297714E1A4BA94F</infoHash>
				<magnetURI><![CDATA[magnet:?xt=urn:btih:C90719ADB074FAA056EEF16D4297714E1A4BA94F&amp;dn=Justice+League+2017+NEW+HD-TS+X264+HQ-CPG]]></magnetURI>
			</torrent>
		</item>
		<item>
			<title><![CDATA[The.Titan.2018.HDRip.XviD.AC3-EVO[EtMovies]]]></title>
			<link>magnet:?xt=urn:btih:395C30ECB40834F8041576B65FBFFB15237EF405&amp;dn=The.Titan.2018.HDRip.XviD.AC3-EVO%5BEtMovies%5D</link>
			<comments>http://thepiratebay.org/torrent/20833560</comments>
			<pubDate>Fri, 30 Mar 2018 09:59:35 +0200</pubDate>
			<category domain="http://thepiratebay.org/browse/201"><![CDATA[Video / Movies]]></category>
			<dc:creator><![CDATA[EtHD]]></dc:creator>
			<guid>http://thepiratebay.org/torrent/20833560/</guid>
			<torrent xmlns="http://xmlns.ezrss.it/0.1/">
				<contentLength>1444870280</contentLength>
				<infoHash>395C30ECB40834F8041576B65FBFFB15237EF405</infoHash>
				<magnetURI><![CDATA[magnet:?xt=urn:btih:395C30ECB40834F8041576B65FBFFB15237EF405&amp;dn=The.Titan.2018.HDRip.XviD.AC3-EVO%5BEtMovies%5D]]></magnetURI>
			</torrent>
		</item>
		<item>
			<title><![CDATA[Mollys.Game.2017.DVDScr.XVID.AC3.HQ.Hive CM8]]></title>
			<link>magnet:?xt=urn:btih:047205D1EC228323DCF0AC1042CB8A0F4F3643A2&amp;dn=Mollys.Game.2017.DVDScr.XVID.AC3.HQ.Hive+CM8</link>
			<comments>http://thepiratebay.org/torrent/19687474</comments>
			<pubDate>Tue, 16 Jan 2018 18:16:22 +0100</pubDate>
			<category domain="http://thepiratebay.org/browse/201"><![CDATA[Video / Movies]]></category>
			<dc:creator><![CDATA[juggs99]]></dc:creator>
			<guid>http://thepiratebay.org/torrent/19687474/</guid>
			<torrent xmlns="http://xmlns.ezrss.it/0.1/">
				<contentLength>1918072832</contentLength>
				<infoHash>047205D1EC228323DCF0AC1042CB8A0F4F3643A2</infoHash>
				<magnetURI><![CDATA[magnet:?xt=urn:btih:047205D1EC228323DCF0AC1042CB8A0F4F3643A2&amp;dn=Mollys.Game.2017.DVDScr.XVID.AC3.HQ.Hive+CM8]]></magnetURI>
			</torrent>
		</item>
		<item>
			<title><![CDATA[Murder.on.the.Orient.Express.2017.HC.HDRip.XviD.AC3-EVO[EtMov...]]></title>
			<link>magnet:?xt=urn:btih:A22B1C0C7D38A626CCDFF09275711635998E801B&amp;dn=Murder.on.the.Orient.Express.2017.HC.HDRip.XviD.AC3-EVO%5BEtMov...</link>
			<comments>http://thepiratebay.org/torrent/19792166</comments>
			<pubDate>Thu, 25 Jan 2018 11:20:39 +0100</pubDate>
			<category domain="http://thepiratebay.org/browse/201"><![CDATA[Video / Movies]]></category>
			<dc:creator><![CDATA[EtHD]]></dc:creator>
			<guid>http://thepiratebay.org/torrent/19792166/</guid>
			<torrent xmlns="http://xmlns.ezrss.it/0.1/">
				<contentLength>1477981808</contentLength>
				<infoHash>A22B1C0C7D38A626CCDFF09275711635998E801B</infoHash>
				<magnetURI><![CDATA[magnet:?xt=urn:btih:A22B1C0C7D38A626CCDFF09275711635998E801B&amp;dn=Murder.on.the.Orient.Express.2017.HC.HDRip.XviD.AC3-EVO%5BEtMov...]]></magnetURI>
			</torrent>
		</item>
		<item>
			<title><![CDATA[Red Sparrow 2018 HDCAM ENG X264 HQMic-BABY ]]></title>
			<link>magnet:?xt=urn:btih:8CBCAD9010D3259C60F51BFF9317A9E9C4B5EB4B&amp;dn=Red+Sparrow+2018+HDCAM+ENG+X264+HQMic-BABY+</link>
			<comments>http://thepiratebay.org/torrent/20409731</comments>
			<pubDate>Mon, 05 Mar 2018 07:35:03 +0100</pubDate>
			<category domain="http://thepiratebay.org/browse/201"><![CDATA[Video / Movies]]></category>
			<dc:creator><![CDATA[makintos13]]></dc:creator>
			<guid>http://thepiratebay.org/torrent/20409731/</guid>
			<torrent xmlns="http://xmlns.ezrss.it/0.1/">
				<contentLength>2139779041</contentLength>
				<infoHash>8CBCAD9010D3259C60F51BFF9317A9E9C4B5EB4B</infoHash>
				<magnetURI><![CDATA[magnet:?xt=urn:btih:8CBCAD9010D3259C60F51BFF9317A9E9C4B5EB4B&amp;dn=Red+Sparrow+2018+HDCAM+ENG+X264+HQMic-BABY+]]></magnetURI>
			</torrent>
		</item>
		<item>
			<title><![CDATA[Darkest.Hour.2017.DVDScr.XVID.AC3.HQ.Hive-CM8]]></title>
			<link>magnet:?xt=urn:btih:1DBA653F485EA1EC89493A8D7518EEC2CF48E8F5&amp;dn=Darkest.Hour.2017.DVDScr.XVID.AC3.HQ.Hive-CM8</link>
			<comments>http://thepiratebay.org/torrent/19634752</comments>
			<pubDate>Fri, 12 Jan 2018 00:56:20 +0100</pubDate>
			<category domain="http://thepiratebay.org/browse/201"><![CDATA[Video / Movies]]></category>
			<dc:creator><![CDATA[TvTeam]]></dc:creator>
			<guid>http://thepiratebay.org/torrent/19634752/</guid>
			<torrent xmlns="http://xmlns.ezrss.it/0.1/">
				<contentLength>2054096969</contentLength>
				<infoHash>1DBA653F485EA1EC89493A8D7518EEC2CF48E8F5</infoHash>
				<magnetURI><![CDATA[magnet:?xt=urn:btih:1DBA653F485EA1EC89493A8D7518EEC2CF48E8F5&amp;dn=Darkest.Hour.2017.DVDScr.XVID.AC3.HQ.Hive-CM8]]></magnetURI>
			</torrent>
		</item>
		<item>
			<title><![CDATA[Pirates.of.the.Caribbean.Dead.Men.Tell.No.Tales.2017.HDRip.XviD.]]></title>
			<link>magnet:?xt=urn:btih:CA548AA95DEADD1681C4826E61AD122A5E57B0D7&amp;dn=Pirates.of.the.Caribbean.Dead.Men.Tell.No.Tales.2017.HDRip.XviD.</link>
			<comments>http://thepiratebay.org/torrent/18531850</comments>
			<pubDate>Tue, 05 Sep 2017 16:29:48 +0200</pubDate>
			<category domain="http://thepiratebay.org/browse/201"><![CDATA[Video / Movies]]></category>
			<dc:creator><![CDATA[xxxlavalxxx]]></dc:creator>
			<guid>http://thepiratebay.org/torrent/18531850/</guid>
			<torrent xmlns="http://xmlns.ezrss.it/0.1/">
				<contentLength>1633618262</contentLength>
				<infoHash>CA548AA95DEADD1681C4826E61AD122A5E57B0D7</infoHash>
				<magnetURI><![CDATA[magnet:?xt=urn:btih:CA548AA95DEADD1681C4826E61AD122A5E57B0D7&amp;dn=Pirates.of.the.Caribbean.Dead.Men.Tell.No.Tales.2017.HDRip.XviD.]]></magnetURI>
			</torrent>
		</item>
		<item>
			<title><![CDATA[La.La.Land.2016.DVDScr.XVID.AC3.HQ.Hive-CM8]]></title>
			<link>magnet:?xt=urn:btih:CCFA6A813321A33F0E6DB0ADD7C1B3E1A961B86B&amp;dn=La.La.Land.2016.DVDScr.XVID.AC3.HQ.Hive-CM8</link>
			<comments>http://thepiratebay.org/torrent/16789565</comments>
			<pubDate>Sun, 15 Jan 2017 10:21:29 +0100</pubDate>
			<category domain="http://thepiratebay.org/browse/201"><![CDATA[Video / Movies]]></category>
			<dc:creator><![CDATA[xxxlavalxxx]]></dc:creator>
			<guid>http://thepiratebay.org/torrent/16789565/</guid>
			<torrent xmlns="http://xmlns.ezrss.it/0.1/">
				<contentLength>1760866801</contentLength>
				<infoHash>CCFA6A813321A33F0E6DB0ADD7C1B3E1A961B86B</infoHash>
				<magnetURI><![CDATA[magnet:?xt=urn:btih:CCFA6A813321A33F0E6DB0ADD7C1B3E1A961B86B&amp;dn=La.La.Land.2016.DVDScr.XVID.AC3.HQ.Hive-CM8]]></magnetURI>
			</torrent>
		</item>
		<item>
			<title><![CDATA[Maze.Runner.The.Death.Cure.2017.HC.HDRip.XviD.AC3-EVO]]></title>
			<link>magnet:?xt=urn:btih:E427DC5ED3105CB6C00D4952F0C831B5424FECBC&amp;dn=Maze.Runner.The.Death.Cure.2017.HC.HDRip.XviD.AC3-EVO</link>
			<comments>http://thepiratebay.org/torrent/20754322</comments>
			<pubDate>Mon, 26 Mar 2018 16:40:09 +0200</pubDate>
			<category domain="http://thepiratebay.org/browse/201"><![CDATA[Video / Movies]]></category>
			<dc:creator><![CDATA[xxxlavalxxx]]></dc:creator>
			<guid>http://thepiratebay.org/torrent/20754322/</guid>
			<torrent xmlns="http://xmlns.ezrss.it/0.1/">
				<contentLength>1502875183</contentLength>
				<infoHash>E427DC5ED3105CB6C00D4952F0C831B5424FECBC</infoHash>
				<magnetURI><![CDATA[magnet:?xt=urn:btih:E427DC5ED3105CB6C00D4952F0C831B5424FECBC&amp;dn=Maze.Runner.The.Death.Cure.2017.HC.HDRip.XviD.AC3-EVO]]></magnetURI>
			</torrent>
		</item>
		<item>
			<title><![CDATA[Wonder.2017.HDRip.XViD-ETRG]]></title>
			<link>magnet:?xt=urn:btih:F697129C26CF3B13C5BF7775D669796B7ACBD460&amp;dn=Wonder.2017.HDRip.XViD-ETRG</link>
			<comments>http://thepiratebay.org/torrent/19877810</comments>
			<pubDate>Tue, 30 Jan 2018 10:00:34 +0100</pubDate>
			<category domain="http://thepiratebay.org/browse/201"><![CDATA[Video / Movies]]></category>
			<dc:creator><![CDATA[ETRG]]></dc:creator>
			<guid>http://thepiratebay.org/torrent/19877810/</guid>
			<torrent xmlns="http://xmlns.ezrss.it/0.1/">
				<contentLength>737058346</contentLength>
				<infoHash>F697129C26CF3B13C5BF7775D669796B7ACBD460</infoHash>
				<magnetURI><![CDATA[magnet:?xt=urn:btih:F697129C26CF3B13C5BF7775D669796B7ACBD460&amp;dn=Wonder.2017.HDRip.XViD-ETRG]]></magnetURI>
			</torrent>
		</item>
		<item>
			<title><![CDATA[Braven.2018.HDRip.x264.AC3-Manning]]></title>
			<link>magnet:?xt=urn:btih:C37C21108ABABEB2CCA3DBD855FAE8E0EB27AF42&amp;dn=Braven.2018.HDRip.x264.AC3-Manning</link>
			<comments>http://thepiratebay.org/torrent/19919392</comments>
			<pubDate>Fri, 02 Feb 2018 17:51:06 +0100</pubDate>
			<category domain="http://thepiratebay.org/browse/201"><![CDATA[Video / Movies]]></category>
			<dc:creator><![CDATA[TvTeam]]></dc:creator>
			<guid>http://thepiratebay.org/torrent/19919392/</guid>
			<torrent xmlns="http://xmlns.ezrss.it/0.1/">
				<contentLength>1506504717</contentLength>
				<infoHash>C37C21108ABABEB2CCA3DBD855FAE8E0EB27AF42</infoHash>
				<magnetURI><![CDATA[magnet:?xt=urn:btih:C37C21108ABABEB2CCA3DBD855FAE8E0EB27AF42&amp;dn=Braven.2018.HDRip.x264.AC3-Manning]]></magnetURI>
			</torrent>
		</item>
		<item>
			<title><![CDATA[Baby.Driver.2017.HDRip.XviD.AC3-EVO]]></title>
			<link>magnet:?xt=urn:btih:2277A81195F880427F8D1F92A54A2FEA7E040862&amp;dn=Baby.Driver.2017.HDRip.XviD.AC3-EVO</link>
			<comments>http://thepiratebay.org/torrent/18570731</comments>
			<pubDate>Tue, 12 Sep 2017 08:34:55 +0200</pubDate>
			<category domain="http://thepiratebay.org/browse/201"><![CDATA[Video / Movies]]></category>
			<dc:creator><![CDATA[makintos13]]></dc:creator>
			<guid>http://thepiratebay.org/torrent/18570731/</guid>
			<torrent xmlns="http://xmlns.ezrss.it/0.1/">
				<contentLength>1475574601</contentLength>
				<infoHash>2277A81195F880427F8D1F92A54A2FEA7E040862</infoHash>
				<magnetURI><![CDATA[magnet:?xt=urn:btih:2277A81195F880427F8D1F92A54A2FEA7E040862&amp;dn=Baby.Driver.2017.HDRip.XviD.AC3-EVO]]></magnetURI>
			</torrent>
		</item>
		<item>
			<title><![CDATA[Wonder.Woman.2017.HDRip.XviD.AC3-EVO]]></title>
			<link>magnet:?xt=urn:btih:12A8C2EAB1C3ED4F676CC90DE4E5173276719D6C&amp;dn=Wonder.Woman.2017.HDRip.XviD.AC3-EVO</link>
			<comments>http://thepiratebay.org/torrent/18497130</comments>
			<pubDate>Tue, 29 Aug 2017 01:43:24 +0200</pubDate>
			<category domain="http://thepiratebay.org/browse/201"><![CDATA[Video / Movies]]></category>
			<dc:creator><![CDATA[makintos13]]></dc:creator>
			<guid>http://thepiratebay.org/torrent/18497130/</guid>
			<torrent xmlns="http://xmlns.ezrss.it/0.1/">
				<contentLength>1691467128</contentLength>
				<infoHash>12A8C2EAB1C3ED4F676CC90DE4E5173276719D6C</infoHash>
				<magnetURI><![CDATA[magnet:?xt=urn:btih:12A8C2EAB1C3ED4F676CC90DE4E5173276719D6C&amp;dn=Wonder.Woman.2017.HDRip.XviD.AC3-EVO]]></magnetURI>
			</torrent>
		</item>
		<item>
			<title><![CDATA[The Commuter.2018.HC.HDRip.XviD.AC3-EVO]]></title>
			<link>magnet:?xt=urn:btih:F1948C8891591D6E2A2B8528FAE791C36AF34EAC&amp;dn=The+Commuter.2018.HC.HDRip.XviD.AC3-EVO</link>
			<comments>http://thepiratebay.org/torrent/20790519</comments>
			<pubDate>Wed, 28 Mar 2018 02:17:50 +0200</pubDate>
			<category domain="http://thepiratebay.org/browse/201"><![CDATA[Video / Movies]]></category>
			<dc:creator><![CDATA[makintos13]]></dc:creator>
			<guid>http://thepiratebay.org/torrent/20790519/</guid>
			<torrent xmlns="http://xmlns.ezrss.it/0.1/">
				<contentLength>1441025603</contentLength>
				<infoHash>F1948C8891591D6E2A2B8528FAE791C36AF34EAC</infoHash>
				<magnetURI><![CDATA[magnet:?xt=urn:btih:F1948C8891591D6E2A2B8528FAE791C36AF34EAC&amp;dn=The+Commuter.2018.HC.HDRip.XviD.AC3-EVO]]></magnetURI>
			</torrent>
		</item>
		<item>
			<title><![CDATA[Black Panther 2018 FULL HDCAM ENG X264-UNiQUE]]></title>
			<link>magnet:?xt=urn:btih:AAD54DE9DDAE57F83BF487D47C573A133320D9F7&amp;dn=Black+Panther+2018+FULL+HDCAM+ENG+X264-UNiQUE</link>
			<comments>http://thepiratebay.org/torrent/20120911</comments>
			<pubDate>Sat, 17 Feb 2018 13:04:06 +0100</pubDate>
			<category domain="http://thepiratebay.org/browse/201"><![CDATA[Video / Movies]]></category>
			<dc:creator><![CDATA[xxxlavalxxx]]></dc:creator>
			<guid>http://thepiratebay.org/torrent/20120911/</guid>
			<torrent xmlns="http://xmlns.ezrss.it/0.1/">
				<contentLength>2083267479</contentLength>
				<infoHash>AAD54DE9DDAE57F83BF487D47C573A133320D9F7</infoHash>
				<magnetURI><![CDATA[magnet:?xt=urn:btih:AAD54DE9DDAE57F83BF487D47C573A133320D9F7&amp;dn=Black+Panther+2018+FULL+HDCAM+ENG+X264-UNiQUE]]></magnetURI>
			</torrent>
		</item>
		<item>
			<title><![CDATA[The Hurricane Heist.2018.HC.HDRip.XviD.AC3-EVO]]></title>
			<link>magnet:?xt=urn:btih:83991AC69BC8B5208B593B624FAF38759A3DE848&amp;dn=The+Hurricane+Heist.2018.HC.HDRip.XviD.AC3-EVO</link>
			<comments>http://thepiratebay.org/torrent/20921749</comments>
			<pubDate>Tue, 03 Apr 2018 11:33:11 +0200</pubDate>
			<category domain="http://thepiratebay.org/browse/201"><![CDATA[Video / Movies]]></category>
			<dc:creator><![CDATA[xxxlavalxxx]]></dc:creator>
			<guid>http://thepiratebay.org/torrent/20921749/</guid>
			<torrent xmlns="http://xmlns.ezrss.it/0.1/">
				<contentLength>1498079790</contentLength>
				<infoHash>83991AC69BC8B5208B593B624FAF38759A3DE848</infoHash>
				<magnetURI><![CDATA[magnet:?xt=urn:btih:83991AC69BC8B5208B593B624FAF38759A3DE848&amp;dn=The+Hurricane+Heist.2018.HC.HDRip.XviD.AC3-EVO]]></magnetURI>
			</torrent>
		</item>
		<item>
			<title><![CDATA[IT.2017.720p.HC.HDRIP.x264.AC3.TiTAN]]></title>
			<link>magnet:?xt=urn:btih:05A7A7699CCEE5EDE5CA2A493D572FC4D61FA8F9&amp;dn=IT.2017.720p.HC.HDRIP.x264.AC3.TiTAN</link>
			<comments>http://thepiratebay.org/torrent/18852424</comments>
			<pubDate>Sat, 28 Oct 2017 01:12:40 +0200</pubDate>
			<category domain="http://thepiratebay.org/browse/201"><![CDATA[Video / Movies]]></category>
			<dc:creator><![CDATA[Supernova]]></dc:creator>
			<guid>http://thepiratebay.org/torrent/18852424/</guid>
			<torrent xmlns="http://xmlns.ezrss.it/0.1/">
				<contentLength>4278147156</contentLength>
				<infoHash>05A7A7699CCEE5EDE5CA2A493D572FC4D61FA8F9</infoHash>
				<magnetURI><![CDATA[magnet:?xt=urn:btih:05A7A7699CCEE5EDE5CA2A493D572FC4D61FA8F9&amp;dn=IT.2017.720p.HC.HDRIP.x264.AC3.TiTAN]]></magnetURI>
			</torrent>
		</item>
		<item>
			<title><![CDATA[BAAGHI 2 (2018) 1CD DESI PRE DVD RIP - X264 AAC - DTONE EXCLUSIV]]></title>
			<link>magnet:?xt=urn:btih:903DD60E6AAA344E5D44CF208ECB9A25997E6036&amp;dn=BAAGHI+2+%282018%29+1CD+DESI+PRE+DVD+RIP+-+X264+AAC+-+DTONE+EXCLUSIV</link>
			<comments>http://thepiratebay.org/torrent/20838596</comments>
			<pubDate>Fri, 30 Mar 2018 18:32:58 +0200</pubDate>
			<category domain="http://thepiratebay.org/browse/201"><![CDATA[Video / Movies]]></category>
			<dc:creator><![CDATA[makintos13]]></dc:creator>
			<guid>http://thepiratebay.org/torrent/20838596/</guid>
			<torrent xmlns="http://xmlns.ezrss.it/0.1/">
				<contentLength>727730504</contentLength>
				<infoHash>903DD60E6AAA344E5D44CF208ECB9A25997E6036</infoHash>
				<magnetURI><![CDATA[magnet:?xt=urn:btih:903DD60E6AAA344E5D44CF208ECB9A25997E6036&amp;dn=BAAGHI+2+%282018%29+1CD+DESI+PRE+DVD+RIP+-+X264+AAC+-+DTONE+EXCLUSIV]]></magnetURI>
			</torrent>
		</item>
		<item>
			<title><![CDATA[The Hitmans Bodyguard 2017 HDRip XviD AC3-EVO]]></title>
			<link>magnet:?xt=urn:btih:FF29CB75986B6711CB47E75865F5BD758D080B3E&amp;dn=The+Hitmans+Bodyguard+2017+HDRip+XviD+AC3-EVO</link>
			<comments>http://thepiratebay.org/torrent/18493696</comments>
			<pubDate>Mon, 28 Aug 2017 08:29:07 +0200</pubDate>
			<category domain="http://thepiratebay.org/browse/201"><![CDATA[Video / Movies]]></category>
			<dc:creator><![CDATA[extremezone]]></dc:creator>
			<guid>http://thepiratebay.org/torrent/18493696/</guid>
			<torrent xmlns="http://xmlns.ezrss.it/0.1/">
				<contentLength>1517139716</contentLength>
				<infoHash>FF29CB75986B6711CB47E75865F5BD758D080B3E</infoHash>
				<magnetURI><![CDATA[magnet:?xt=urn:btih:FF29CB75986B6711CB47E75865F5BD758D080B3E&amp;dn=The+Hitmans+Bodyguard+2017+HDRip+XviD+AC3-EVO]]></magnetURI>
			</torrent>
		</item>
		<item>
			<title><![CDATA[The Commuter 2018 720p NEW HD-TS X264-CPG]]></title>
			<link>magnet:?xt=urn:btih:B9759D29A4AE3837118B15EF96CC09BB37501809&amp;dn=The+Commuter+2018+720p+NEW+HD-TS+X264-CPG</link>
			<comments>http://thepiratebay.org/torrent/19995180</comments>
			<pubDate>Fri, 09 Feb 2018 14:37:50 +0100</pubDate>
			<category domain="http://thepiratebay.org/browse/201"><![CDATA[Video / Movies]]></category>
			<dc:creator><![CDATA[xxxlavalxxx]]></dc:creator>
			<guid>http://thepiratebay.org/torrent/19995180/</guid>
			<torrent xmlns="http://xmlns.ezrss.it/0.1/">
				<contentLength>2420163379</contentLength>
				<infoHash>B9759D29A4AE3837118B15EF96CC09BB37501809</infoHash>
				<magnetURI><![CDATA[magnet:?xt=urn:btih:B9759D29A4AE3837118B15EF96CC09BB37501809&amp;dn=The+Commuter+2018+720p+NEW+HD-TS+X264-CPG]]></magnetURI>
			</torrent>
		</item>
		<item>
			<title><![CDATA[Daddys.Home.2.2017.BRRip.XviD.AC3-EVO]]></title>
			<link>magnet:?xt=urn:btih:14C2052C5D9EB3E71EEF73016E49011D89E4798C&amp;dn=Daddys.Home.2.2017.BRRip.XviD.AC3-EVO</link>
			<comments>http://thepiratebay.org/torrent/19967118</comments>
			<pubDate>Wed, 07 Feb 2018 04:05:42 +0100</pubDate>
			<category domain="http://thepiratebay.org/browse/201"><![CDATA[Video / Movies]]></category>
			<dc:creator><![CDATA[makintos13]]></dc:creator>
			<guid>http://thepiratebay.org/torrent/19967118/</guid>
			<torrent xmlns="http://xmlns.ezrss.it/0.1/">
				<contentLength>1496869463</contentLength>
				<infoHash>14C2052C5D9EB3E71EEF73016E49011D89E4798C</infoHash>
				<magnetURI><![CDATA[magnet:?xt=urn:btih:14C2052C5D9EB3E71EEF73016E49011D89E4798C&amp;dn=Daddys.Home.2.2017.BRRip.XviD.AC3-EVO]]></magnetURI>
			</torrent>
		</item>
		<item>
			<title><![CDATA[The Death of Stalin.2018.HDRip.XviD.AC3-EVO[EtMovies]]]></title>
			<link>magnet:?xt=urn:btih:CBD183B1BE18CFD92D150CB65F9AF219052697F3&amp;dn=The+Death+of+Stalin.2018.HDRip.XviD.AC3-EVO%5BEtMovies%5D</link>
			<comments>http://thepiratebay.org/torrent/20149888</comments>
			<pubDate>Mon, 19 Feb 2018 02:23:13 +0100</pubDate>
			<category domain="http://thepiratebay.org/browse/201"><![CDATA[Video / Movies]]></category>
			<dc:creator><![CDATA[EtHD]]></dc:creator>
			<guid>http://thepiratebay.org/torrent/20149888/</guid>
			<torrent xmlns="http://xmlns.ezrss.it/0.1/">
				<contentLength>1504306714</contentLength>
				<infoHash>CBD183B1BE18CFD92D150CB65F9AF219052697F3</infoHash>
				<magnetURI><![CDATA[magnet:?xt=urn:btih:CBD183B1BE18CFD92D150CB65F9AF219052697F3&amp;dn=The+Death+of+Stalin.2018.HDRip.XviD.AC3-EVO%5BEtMovies%5D]]></magnetURI>
			</torrent>
		</item>
		<item>
			<title><![CDATA[Fifty Shades Freed 2018 720p HDCAM X264-MeFodeGrey ]]></title>
			<link>magnet:?xt=urn:btih:DDE725EE613D79ACA08D7F6EBAE5741185FA9170&amp;dn=Fifty+Shades+Freed+2018+720p+HDCAM+X264-MeFodeGrey+</link>
			<comments>http://thepiratebay.org/torrent/19994420</comments>
			<pubDate>Fri, 09 Feb 2018 11:29:52 +0100</pubDate>
			<category domain="http://thepiratebay.org/browse/201"><![CDATA[Video / Movies]]></category>
			<dc:creator><![CDATA[makintos13]]></dc:creator>
			<guid>http://thepiratebay.org/torrent/19994420/</guid>
			<torrent xmlns="http://xmlns.ezrss.it/0.1/">
				<contentLength>3702832854</contentLength>
				<infoHash>DDE725EE613D79ACA08D7F6EBAE5741185FA9170</infoHash>
				<magnetURI><![CDATA[magnet:?xt=urn:btih:DDE725EE613D79ACA08D7F6EBAE5741185FA9170&amp;dn=Fifty+Shades+Freed+2018+720p+HDCAM+X264-MeFodeGrey+]]></magnetURI>
			</torrent>
		</item>
		<item>
			<title><![CDATA[Black Panther (2018) 720p HDTS 999MB - MkvCage]]></title>
			<link>magnet:?xt=urn:btih:AA7D933114752D7B1A49447589D7941E57CDAC97&amp;dn=Black+Panther+%282018%29+720p+HDTS+999MB+-+MkvCage</link>
			<comments>http://thepiratebay.org/torrent/20858642</comments>
			<pubDate>Sun, 01 Apr 2018 03:42:51 +0200</pubDate>
			<category domain="http://thepiratebay.org/browse/201"><![CDATA[Video / Movies]]></category>
			<dc:creator><![CDATA[makintos13]]></dc:creator>
			<guid>http://thepiratebay.org/torrent/20858642/</guid>
			<torrent xmlns="http://xmlns.ezrss.it/0.1/">
				<contentLength>1059307148</contentLength>
				<infoHash>AA7D933114752D7B1A49447589D7941E57CDAC97</infoHash>
				<magnetURI><![CDATA[magnet:?xt=urn:btih:AA7D933114752D7B1A49447589D7941E57CDAC97&amp;dn=Black+Panther+%282018%29+720p+HDTS+999MB+-+MkvCage]]></magnetURI>
			</torrent>
		</item>
		<item>
			<title><![CDATA[Raid (2018) Hindi 720p PRE x264 AAC - Downloadhub]]></title>
			<link>magnet:?xt=urn:btih:AFB18472E0F33A4E9B0CC99CE384315C7FDD23A0&amp;dn=Raid+%282018%29+Hindi+720p+PRE+x264+AAC+-+Downloadhub</link>
			<comments>http://thepiratebay.org/torrent/20618701</comments>
			<pubDate>Sat, 17 Mar 2018 10:31:51 +0100</pubDate>
			<category domain="http://thepiratebay.org/browse/201"><![CDATA[Video / Movies]]></category>
			<dc:creator><![CDATA[makintos13]]></dc:creator>
			<guid>http://thepiratebay.org/torrent/20618701/</guid>
			<torrent xmlns="http://xmlns.ezrss.it/0.1/">
				<contentLength>943408112</contentLength>
				<infoHash>AFB18472E0F33A4E9B0CC99CE384315C7FDD23A0</infoHash>
				<magnetURI><![CDATA[magnet:?xt=urn:btih:AFB18472E0F33A4E9B0CC99CE384315C7FDD23A0&amp;dn=Raid+%282018%29+Hindi+720p+PRE+x264+AAC+-+Downloadhub]]></magnetURI>
			</torrent>
		</item>
		<item>
			<title><![CDATA[Star Wars The Last Jedi 2017 FULL HDCAM ENGLiSH x264 HQMIC-DADDY]]></title>
			<link>magnet:?xt=urn:btih:7D08AA1A28394D975BB74ACFB66A2E01A8A8DDC7&amp;dn=Star+Wars+The+Last+Jedi+2017+FULL+HDCAM+ENGLiSH+x264+HQMIC-DADDY</link>
			<comments>http://thepiratebay.org/torrent/19360672</comments>
			<pubDate>Fri, 15 Dec 2017 20:18:35 +0100</pubDate>
			<category domain="http://thepiratebay.org/browse/201"><![CDATA[Video / Movies]]></category>
			<dc:creator><![CDATA[xxxlavalxxx]]></dc:creator>
			<guid>http://thepiratebay.org/torrent/19360672/</guid>
			<torrent xmlns="http://xmlns.ezrss.it/0.1/">
				<contentLength>2385182226</contentLength>
				<infoHash>7D08AA1A28394D975BB74ACFB66A2E01A8A8DDC7</infoHash>
				<magnetURI><![CDATA[magnet:?xt=urn:btih:7D08AA1A28394D975BB74ACFB66A2E01A8A8DDC7&amp;dn=Star+Wars+The+Last+Jedi+2017+FULL+HDCAM+ENGLiSH+x264+HQMIC-DADDY]]></magnetURI>
			</torrent>
		</item>
		<item>
			<title><![CDATA[Maze Runner The Death Cure 2018 NEW 720p HDCAM X264-PAPA]]></title>
			<link>magnet:?xt=urn:btih:0B11155BBA47313A96D04A07C6FD5470A51702DB&amp;dn=Maze+Runner+The+Death+Cure+2018+NEW+720p+HDCAM+X264-PAPA</link>
			<comments>http://thepiratebay.org/torrent/19949056</comments>
			<pubDate>Mon, 05 Feb 2018 12:53:05 +0100</pubDate>
			<category domain="http://thepiratebay.org/browse/201"><![CDATA[Video / Movies]]></category>
			<dc:creator><![CDATA[xxxlavalxxx]]></dc:creator>
			<guid>http://thepiratebay.org/torrent/19949056/</guid>
			<torrent xmlns="http://xmlns.ezrss.it/0.1/">
				<contentLength>4095892156</contentLength>
				<infoHash>0B11155BBA47313A96D04A07C6FD5470A51702DB</infoHash>
				<magnetURI><![CDATA[magnet:?xt=urn:btih:0B11155BBA47313A96D04A07C6FD5470A51702DB&amp;dn=Maze+Runner+The+Death+Cure+2018+NEW+720p+HDCAM+X264-PAPA]]></magnetURI>
			</torrent>
		</item>
		<item>
			<title><![CDATA[Spinning Man.2018.HDRip.XViD-ETRG]]></title>
			<link>magnet:?xt=urn:btih:A7BB0E7AB06245D79698B24BB9CBCC0F5D76E525&amp;dn=Spinning+Man.2018.HDRip.XViD-ETRG</link>
			<comments>http://thepiratebay.org/torrent/21009886</comments>
			<pubDate>Fri, 06 Apr 2018 08:23:37 +0200</pubDate>
			<category domain="http://thepiratebay.org/browse/201"><![CDATA[Video / Movies]]></category>
			<dc:creator><![CDATA[ETRG]]></dc:creator>
			<guid>http://thepiratebay.org/torrent/21009886/</guid>
			<torrent xmlns="http://xmlns.ezrss.it/0.1/">
				<contentLength>740104809</contentLength>
				<infoHash>A7BB0E7AB06245D79698B24BB9CBCC0F5D76E525</infoHash>
				<magnetURI><![CDATA[magnet:?xt=urn:btih:A7BB0E7AB06245D79698B24BB9CBCC0F5D76E525&amp;dn=Spinning+Man.2018.HDRip.XViD-ETRG]]></magnetURI>
			</torrent>
		</item>
		<item>
			<title><![CDATA[Get.Out.2017.HC.HDRip.XviD.AC3-EVO]]></title>
			<link>magnet:?xt=urn:btih:8F1072EDC4E74BB41F12F425D7A91BF5A534BD26&amp;dn=Get.Out.2017.HC.HDRip.XviD.AC3-EVO</link>
			<comments>http://thepiratebay.org/torrent/17640590</comments>
			<pubDate>Fri, 21 Apr 2017 13:17:22 +0200</pubDate>
			<category domain="http://thepiratebay.org/browse/201"><![CDATA[Video / Movies]]></category>
			<dc:creator><![CDATA[xxxlavalxxx]]></dc:creator>
			<guid>http://thepiratebay.org/torrent/17640590/</guid>
			<torrent xmlns="http://xmlns.ezrss.it/0.1/">
				<contentLength>1487469165</contentLength>
				<infoHash>8F1072EDC4E74BB41F12F425D7A91BF5A534BD26</infoHash>
				<magnetURI><![CDATA[magnet:?xt=urn:btih:8F1072EDC4E74BB41F12F425D7A91BF5A534BD26&amp;dn=Get.Out.2017.HC.HDRip.XviD.AC3-EVO]]></magnetURI>
			</torrent>
		</item>
		<item>
			<title><![CDATA[The Killing of a Sacred Deer.2017.HDRip.XviD.AC3-EVO]]></title>
			<link>magnet:?xt=urn:btih:68F93BE853901113E5A6E7B58D8EB4F09FCEEF95&amp;dn=The+Killing+of+a+Sacred+Deer.2017.HDRip.XviD.AC3-EVO</link>
			<comments>http://thepiratebay.org/torrent/19333374</comments>
			<pubDate>Tue, 12 Dec 2017 13:50:17 +0100</pubDate>
			<category domain="http://thepiratebay.org/browse/201"><![CDATA[Video / Movies]]></category>
			<dc:creator><![CDATA[xxxlavalxxx]]></dc:creator>
			<guid>http://thepiratebay.org/torrent/19333374/</guid>
			<torrent xmlns="http://xmlns.ezrss.it/0.1/">
				<contentLength>1471553904</contentLength>
				<infoHash>68F93BE853901113E5A6E7B58D8EB4F09FCEEF95</infoHash>
				<magnetURI><![CDATA[magnet:?xt=urn:btih:68F93BE853901113E5A6E7B58D8EB4F09FCEEF95&amp;dn=The+Killing+of+a+Sacred+Deer.2017.HDRip.XviD.AC3-EVO]]></magnetURI>
			</torrent>
		</item>
		<item>
			<title><![CDATA[Death Wish 2018 720p HD-TS X264-CPG]]></title>
			<link>magnet:?xt=urn:btih:2278AF9F4D2E9B7D7172847D9DC3E6859D1560F6&amp;dn=Death+Wish+2018+720p+HD-TS+X264-CPG</link>
			<comments>http://thepiratebay.org/torrent/20831465</comments>
			<pubDate>Fri, 30 Mar 2018 03:31:43 +0200</pubDate>
			<category domain="http://thepiratebay.org/browse/201"><![CDATA[Video / Movies]]></category>
			<dc:creator><![CDATA[makintos13]]></dc:creator>
			<guid>http://thepiratebay.org/torrent/20831465/</guid>
			<torrent xmlns="http://xmlns.ezrss.it/0.1/">
				<contentLength>2805896944</contentLength>
				<infoHash>2278AF9F4D2E9B7D7172847D9DC3E6859D1560F6</infoHash>
				<magnetURI><![CDATA[magnet:?xt=urn:btih:2278AF9F4D2E9B7D7172847D9DC3E6859D1560F6&amp;dn=Death+Wish+2018+720p+HD-TS+X264-CPG]]></magnetURI>
			</torrent>
		</item>
		<item>
			<title><![CDATA[A Wrinkle in Time 2018 720p HD-TS X264 Mr-UnHive]]></title>
			<link>magnet:?xt=urn:btih:252D3A44ED42CB276E27BB809920A826AAE35C91&amp;dn=A+Wrinkle+in+Time+2018+720p+HD-TS+X264+Mr-UnHive</link>
			<comments>http://thepiratebay.org/torrent/20722965</comments>
			<pubDate>Sat, 24 Mar 2018 03:06:00 +0100</pubDate>
			<category domain="http://thepiratebay.org/browse/201"><![CDATA[Video / Movies]]></category>
			<dc:creator><![CDATA[makintos13]]></dc:creator>
			<guid>http://thepiratebay.org/torrent/20722965/</guid>
			<torrent xmlns="http://xmlns.ezrss.it/0.1/">
				<contentLength>2777195614</contentLength>
				<infoHash>252D3A44ED42CB276E27BB809920A826AAE35C91</infoHash>
				<magnetURI><![CDATA[magnet:?xt=urn:btih:252D3A44ED42CB276E27BB809920A826AAE35C91&amp;dn=A+Wrinkle+in+Time+2018+720p+HD-TS+X264+Mr-UnHive]]></magnetURI>
			</torrent>
		</item>
		<item>
			<title><![CDATA[The.Big.Sick.2017.HDRip.XviD.AC3-EVO]]></title>
			<link>magnet:?xt=urn:btih:53157447C2D82E7B6558E27F6399E3540B69475D&amp;dn=The.Big.Sick.2017.HDRip.XviD.AC3-EVO</link>
			<comments>http://thepiratebay.org/torrent/18530182</comments>
			<pubDate>Tue, 05 Sep 2017 09:29:49 +0200</pubDate>
			<category domain="http://thepiratebay.org/browse/201"><![CDATA[Video / Movies]]></category>
			<dc:creator><![CDATA[makintos13]]></dc:creator>
			<guid>http://thepiratebay.org/torrent/18530182/</guid>
			<torrent xmlns="http://xmlns.ezrss.it/0.1/">
				<contentLength>1500859409</contentLength>
				<infoHash>53157447C2D82E7B6558E27F6399E3540B69475D</infoHash>
				<magnetURI><![CDATA[magnet:?xt=urn:btih:53157447C2D82E7B6558E27F6399E3540B69475D&amp;dn=The.Big.Sick.2017.HDRip.XviD.AC3-EVO]]></magnetURI>
			</torrent>
		</item>
		<item>
			<title><![CDATA[Padmaavat 2018 Hindi 1GB PreDvDRip x264 AAC - xRG]]></title>
			<link>magnet:?xt=urn:btih:3DE5D245595A6EB0A5E7CF082F2F0F6117722749&amp;dn=Padmaavat+2018+Hindi+1GB+PreDvDRip+x264+AAC+-+xRG</link>
			<comments>http://thepiratebay.org/torrent/19810162</comments>
			<pubDate>Fri, 26 Jan 2018 04:00:22 +0100</pubDate>
			<category domain="http://thepiratebay.org/browse/201"><![CDATA[Video / Movies]]></category>
			<dc:creator><![CDATA[Team_xRG]]></dc:creator>
			<guid>http://thepiratebay.org/torrent/19810162/</guid>
			<torrent xmlns="http://xmlns.ezrss.it/0.1/">
				<contentLength>1082081548</contentLength>
				<infoHash>3DE5D245595A6EB0A5E7CF082F2F0F6117722749</infoHash>
				<magnetURI><![CDATA[magnet:?xt=urn:btih:3DE5D245595A6EB0A5E7CF082F2F0F6117722749&amp;dn=Padmaavat+2018+Hindi+1GB+PreDvDRip+x264+AAC+-+xRG]]></magnetURI>
			</torrent>
		</item>
		<item>
			<title><![CDATA[The.Florida.Project.2017.DVDScr.XVID.AC3.HQ.Hive-CM8[EtMovies...]]></title>
			<link>magnet:?xt=urn:btih:F558DC0B61F6765A220C8030628BEB8D0EF2EA26&amp;dn=The.Florida.Project.2017.DVDScr.XVID.AC3.HQ.Hive-CM8%5BEtMovies...</link>
			<comments>http://thepiratebay.org/torrent/19516056</comments>
			<pubDate>Fri, 29 Dec 2017 23:21:11 +0100</pubDate>
			<category domain="http://thepiratebay.org/browse/201"><![CDATA[Video / Movies]]></category>
			<dc:creator><![CDATA[EtHD]]></dc:creator>
			<guid>http://thepiratebay.org/torrent/19516056/</guid>
			<torrent xmlns="http://xmlns.ezrss.it/0.1/">
				<contentLength>1671704848</contentLength>
				<infoHash>F558DC0B61F6765A220C8030628BEB8D0EF2EA26</infoHash>
				<magnetURI><![CDATA[magnet:?xt=urn:btih:F558DC0B61F6765A220C8030628BEB8D0EF2EA26&amp;dn=The.Florida.Project.2017.DVDScr.XVID.AC3.HQ.Hive-CM8%5BEtMovies...]]></magnetURI>
			</torrent>
		</item>
		<item>
			<title><![CDATA[Tiger.Zinda.Hai.2017.Hindi.(1GB).PRE.x264.AAC.-.Hon3y]]></title>
			<link>magnet:?xt=urn:btih:19FCE157792F4AF60A8D01F88563055E847FBD07&amp;dn=Tiger.Zinda.Hai.2017.Hindi.%281GB%29.PRE.x264.AAC.-.Hon3y</link>
			<comments>http://thepiratebay.org/torrent/19432169</comments>
			<pubDate>Fri, 22 Dec 2017 16:47:08 +0100</pubDate>
			<category domain="http://thepiratebay.org/browse/201"><![CDATA[Video / Movies]]></category>
			<dc:creator><![CDATA[honey8ee]]></dc:creator>
			<guid>http://thepiratebay.org/torrent/19432169/</guid>
			<torrent xmlns="http://xmlns.ezrss.it/0.1/">
				<contentLength>1080281215</contentLength>
				<infoHash>19FCE157792F4AF60A8D01F88563055E847FBD07</infoHash>
				<magnetURI><![CDATA[magnet:?xt=urn:btih:19FCE157792F4AF60A8D01F88563055E847FBD07&amp;dn=Tiger.Zinda.Hai.2017.Hindi.%281GB%29.PRE.x264.AAC.-.Hon3y]]></magnetURI>
			</torrent>
		</item>
		<item>
			<title><![CDATA[Pacific Rim 2 Uprising 2018 NEW HDCAM 2D X264 HQMic-CPG]]></title>
			<link>magnet:?xt=urn:btih:FCB30798AA5E194CE0F14219A1D6FCF80AF610EB&amp;dn=Pacific+Rim+2+Uprising+2018+NEW+HDCAM+2D+X264+HQMic-CPG</link>
			<comments>http://thepiratebay.org/torrent/20725885</comments>
			<pubDate>Sat, 24 Mar 2018 09:40:21 +0100</pubDate>
			<category domain="http://thepiratebay.org/browse/201"><![CDATA[Video / Movies]]></category>
			<dc:creator><![CDATA[xxxlavalxxx]]></dc:creator>
			<guid>http://thepiratebay.org/torrent/20725885/</guid>
			<torrent xmlns="http://xmlns.ezrss.it/0.1/">
				<contentLength>1672541375</contentLength>
				<infoHash>FCB30798AA5E194CE0F14219A1D6FCF80AF610EB</infoHash>
				<magnetURI><![CDATA[magnet:?xt=urn:btih:FCB30798AA5E194CE0F14219A1D6FCF80AF610EB&amp;dn=Pacific+Rim+2+Uprising+2018+NEW+HDCAM+2D+X264+HQMic-CPG]]></magnetURI>
			</torrent>
		</item>
		<item>
			<title><![CDATA[Ready Player One 2018.NEW HD-TS.XViD.AC3-ETRG]]></title>
			<link>magnet:?xt=urn:btih:8AC6EEDE252CD34CE4B6BF1AF19F613559FA5F3D&amp;dn=Ready+Player+One+2018.NEW+HD-TS.XViD.AC3-ETRG</link>
			<comments>http://thepiratebay.org/torrent/21008591</comments>
			<pubDate>Fri, 06 Apr 2018 06:21:41 +0200</pubDate>
			<category domain="http://thepiratebay.org/browse/201"><![CDATA[Video / Movies]]></category>
			<dc:creator><![CDATA[ETRG]]></dc:creator>
			<guid>http://thepiratebay.org/torrent/21008591/</guid>
			<torrent xmlns="http://xmlns.ezrss.it/0.1/">
				<contentLength>1358105693</contentLength>
				<infoHash>8AC6EEDE252CD34CE4B6BF1AF19F613559FA5F3D</infoHash>
				<magnetURI><![CDATA[magnet:?xt=urn:btih:8AC6EEDE252CD34CE4B6BF1AF19F613559FA5F3D&amp;dn=Ready+Player+One+2018.NEW+HD-TS.XViD.AC3-ETRG]]></magnetURI>
			</torrent>
		</item>
		<item>
			<title><![CDATA[Spider-Man Homecoming 2017 HDRip XviD AC3-EVO]]></title>
			<link>magnet:?xt=urn:btih:1ABB366515789A87315BC23FF4137F335250150C&amp;dn=Spider-Man+Homecoming+2017+HDRip+XviD+AC3-EVO</link>
			<comments>http://thepiratebay.org/torrent/18648127</comments>
			<pubDate>Tue, 26 Sep 2017 20:16:56 +0200</pubDate>
			<category domain="http://thepiratebay.org/browse/201"><![CDATA[Video / Movies]]></category>
			<dc:creator><![CDATA[extremezone]]></dc:creator>
			<guid>http://thepiratebay.org/torrent/18648127/</guid>
			<torrent xmlns="http://xmlns.ezrss.it/0.1/">
				<contentLength>1606198094</contentLength>
				<infoHash>1ABB366515789A87315BC23FF4137F335250150C</infoHash>
				<magnetURI><![CDATA[magnet:?xt=urn:btih:1ABB366515789A87315BC23FF4137F335250150C&amp;dn=Spider-Man+Homecoming+2017+HDRip+XviD+AC3-EVO]]></magnetURI>
			</torrent>
		</item>
		<item>
			<title><![CDATA[Black.Water.2018.HDRip.XviD.AC3-EVO]]></title>
			<link>magnet:?xt=urn:btih:AB01F3A2899E1CE1047052E4FC6EB9F7624098F6&amp;dn=Black.Water.2018.HDRip.XviD.AC3-EVO</link>
			<comments>http://thepiratebay.org/torrent/20574117</comments>
			<pubDate>Wed, 14 Mar 2018 21:16:37 +0100</pubDate>
			<category domain="http://thepiratebay.org/browse/201"><![CDATA[Video / Movies]]></category>
			<dc:creator><![CDATA[xxxlavalxxx]]></dc:creator>
			<guid>http://thepiratebay.org/torrent/20574117/</guid>
			<torrent xmlns="http://xmlns.ezrss.it/0.1/">
				<contentLength>1460210814</contentLength>
				<infoHash>AB01F3A2899E1CE1047052E4FC6EB9F7624098F6</infoHash>
				<magnetURI><![CDATA[magnet:?xt=urn:btih:AB01F3A2899E1CE1047052E4FC6EB9F7624098F6&amp;dn=Black.Water.2018.HDRip.XviD.AC3-EVO]]></magnetURI>
			</torrent>
		</item>
		<item>
			<title><![CDATA[Death Wish 2018 720p HD-TS X264-CPG]]></title>
			<link>magnet:?xt=urn:btih:61E61C8DD8D8F4318E15DC1914E6A546D6EAD20C&amp;dn=Death+Wish+2018+720p+HD-TS+X264-CPG</link>
			<comments>http://thepiratebay.org/torrent/20824129</comments>
			<pubDate>Thu, 29 Mar 2018 21:20:09 +0200</pubDate>
			<category domain="http://thepiratebay.org/browse/201"><![CDATA[Video / Movies]]></category>
			<dc:creator><![CDATA[xxxlavalxxx]]></dc:creator>
			<guid>http://thepiratebay.org/torrent/20824129/</guid>
			<torrent xmlns="http://xmlns.ezrss.it/0.1/">
				<contentLength>2805896982</contentLength>
				<infoHash>61E61C8DD8D8F4318E15DC1914E6A546D6EAD20C</infoHash>
				<magnetURI><![CDATA[magnet:?xt=urn:btih:61E61C8DD8D8F4318E15DC1914E6A546D6EAD20C&amp;dn=Death+Wish+2018+720p+HD-TS+X264-CPG]]></magnetURI>
			</torrent>
		</item>
		<item>
			<title><![CDATA[American.Made.2017.HC.HDRip.XviD.AC3-EVO]]></title>
			<link>magnet:?xt=urn:btih:C877BBBD33FBEF6D96E23B6127D2C2BA8FE7A533&amp;dn=American.Made.2017.HC.HDRip.XviD.AC3-EVO</link>
			<comments>http://thepiratebay.org/torrent/18727083</comments>
			<pubDate>Thu, 12 Oct 2017 18:24:26 +0200</pubDate>
			<category domain="http://thepiratebay.org/browse/201"><![CDATA[Video / Movies]]></category>
			<dc:creator><![CDATA[xxxlavalxxx]]></dc:creator>
			<guid>http://thepiratebay.org/torrent/18727083/</guid>
			<torrent xmlns="http://xmlns.ezrss.it/0.1/">
				<contentLength>1517792886</contentLength>
				<infoHash>C877BBBD33FBEF6D96E23B6127D2C2BA8FE7A533</infoHash>
				<magnetURI><![CDATA[magnet:?xt=urn:btih:C877BBBD33FBEF6D96E23B6127D2C2BA8FE7A533&amp;dn=American.Made.2017.HC.HDRip.XviD.AC3-EVO]]></magnetURI>
			</torrent>
		</item>
		<item>
			<title><![CDATA[Call.Me.By.Your.Name.2017.DVDScr.XVID.AC3.HQ.Hive-CM8[EtMovie...]]></title>
			<link>magnet:?xt=urn:btih:4AD4539681162FD8233685CCCEF7E58955F779C5&amp;dn=Call.Me.By.Your.Name.2017.DVDScr.XVID.AC3.HQ.Hive-CM8%5BEtMovie...</link>
			<comments>http://thepiratebay.org/torrent/19474137</comments>
			<pubDate>Tue, 26 Dec 2017 02:49:09 +0100</pubDate>
			<category domain="http://thepiratebay.org/browse/201"><![CDATA[Video / Movies]]></category>
			<dc:creator><![CDATA[EtHD]]></dc:creator>
			<guid>http://thepiratebay.org/torrent/19474137/</guid>
			<torrent xmlns="http://xmlns.ezrss.it/0.1/">
				<contentLength>1882685712</contentLength>
				<infoHash>4AD4539681162FD8233685CCCEF7E58955F779C5</infoHash>
				<magnetURI><![CDATA[magnet:?xt=urn:btih:4AD4539681162FD8233685CCCEF7E58955F779C5&amp;dn=Call.Me.By.Your.Name.2017.DVDScr.XVID.AC3.HQ.Hive-CM8%5BEtMovie...]]></magnetURI>
			</torrent>
		</item>
		<item>
			<title><![CDATA[The.Revenant.2015.DVDScr.XviD.AC3-ETRG]]></title>
			<link>magnet:?xt=urn:btih:2FF489C4E35AF05E11243836E75DC16A941270D7&amp;dn=The.Revenant.2015.DVDScr.XviD.AC3-ETRG</link>
			<comments>http://thepiratebay.org/torrent/13060726</comments>
			<pubDate>Mon, 21 Dec 2015 14:28:08 +0100</pubDate>
			<category domain="http://thepiratebay.org/browse/201"><![CDATA[Video / Movies]]></category>
			<dc:creator><![CDATA[SaM]]></dc:creator>
			<guid>http://thepiratebay.org/torrent/13060726/</guid>
			<torrent xmlns="http://xmlns.ezrss.it/0.1/">
				<contentLength>1488285802</contentLength>
				<infoHash>2FF489C4E35AF05E11243836E75DC16A941270D7</infoHash>
				<magnetURI><![CDATA[magnet:?xt=urn:btih:2FF489C4E35AF05E11243836E75DC16A941270D7&amp;dn=The.Revenant.2015.DVDScr.XviD.AC3-ETRG]]></magnetURI>
			</torrent>
		</item>
		<item>
			<title><![CDATA[Despicable Me 3 2017 NEW HD-TS x264-CPG]]></title>
			<link>magnet:?xt=urn:btih:017ACA636E7EC3E5247B02D27B0610C4ABB67D52&amp;dn=Despicable+Me+3+2017+NEW+HD-TS+x264-CPG</link>
			<comments>http://thepiratebay.org/torrent/18060033</comments>
			<pubDate>Tue, 04 Jul 2017 20:43:58 +0200</pubDate>
			<category domain="http://thepiratebay.org/browse/201"><![CDATA[Video / Movies]]></category>
			<dc:creator><![CDATA[xxxlavalxxx]]></dc:creator>
			<guid>http://thepiratebay.org/torrent/18060033/</guid>
			<torrent xmlns="http://xmlns.ezrss.it/0.1/">
				<contentLength>1749556755</contentLength>
				<infoHash>017ACA636E7EC3E5247B02D27B0610C4ABB67D52</infoHash>
				<magnetURI><![CDATA[magnet:?xt=urn:btih:017ACA636E7EC3E5247B02D27B0610C4ABB67D52&amp;dn=Despicable+Me+3+2017+NEW+HD-TS+x264-CPG]]></magnetURI>
			</torrent>
		</item>
		<item>
			<title><![CDATA[Insidious The Last Key (2018) 720P WEB-DL-X264-MP3-Cr@zyTribal]]></title>
			<link>magnet:?xt=urn:btih:C68427649A5350C5AB018DFA9A4782E807417316&amp;dn=Insidious+The+Last+Key+%282018%29+720P+WEB-DL-X264-MP3-Cr%40zyTribal</link>
			<comments>http://thepiratebay.org/torrent/20487171</comments>
			<pubDate>Fri, 09 Mar 2018 05:21:36 +0100</pubDate>
			<category domain="http://thepiratebay.org/browse/201"><![CDATA[Video / Movies]]></category>
			<dc:creator><![CDATA[makintos13]]></dc:creator>
			<guid>http://thepiratebay.org/torrent/20487171/</guid>
			<torrent xmlns="http://xmlns.ezrss.it/0.1/">
				<contentLength>1628998501</contentLength>
				<infoHash>C68427649A5350C5AB018DFA9A4782E807417316</infoHash>
				<magnetURI><![CDATA[magnet:?xt=urn:btih:C68427649A5350C5AB018DFA9A4782E807417316&amp;dn=Insidious+The+Last+Key+%282018%29+720P+WEB-DL-X264-MP3-Cr%40zyTribal]]></magnetURI>
			</torrent>
		</item>
		<item>
			<title><![CDATA[Coco.2017.DVDScr.XVID.AC3.HQ.Hive-CM8]]></title>
			<link>magnet:?xt=urn:btih:0F38CD51EB3398F9445F189298C89503B15A9064&amp;dn=Coco.2017.DVDScr.XVID.AC3.HQ.Hive-CM8</link>
			<comments>http://thepiratebay.org/torrent/19561224</comments>
			<pubDate>Thu, 04 Jan 2018 00:04:50 +0100</pubDate>
			<category domain="http://thepiratebay.org/browse/201"><![CDATA[Video / Movies]]></category>
			<dc:creator><![CDATA[TvTeam]]></dc:creator>
			<guid>http://thepiratebay.org/torrent/19561224/</guid>
			<torrent xmlns="http://xmlns.ezrss.it/0.1/">
				<contentLength>1770065993</contentLength>
				<infoHash>0F38CD51EB3398F9445F189298C89503B15A9064</infoHash>
				<magnetURI><![CDATA[magnet:?xt=urn:btih:0F38CD51EB3398F9445F189298C89503B15A9064&amp;dn=Coco.2017.DVDScr.XVID.AC3.HQ.Hive-CM8]]></magnetURI>
			</torrent>
		</item>
		<item>
			<title><![CDATA[The Greatest Showman (2017) HDTS AC3]]></title>
			<link>magnet:?xt=urn:btih:465B9BB9E79E1CB9A3CB0BEBA3CFC00FF869E685&amp;dn=The+Greatest+Showman+%282017%29+HDTS+AC3</link>
			<comments>http://thepiratebay.org/torrent/19534799</comments>
			<pubDate>Mon, 01 Jan 2018 01:05:11 +0100</pubDate>
			<category domain="http://thepiratebay.org/browse/201"><![CDATA[Video / Movies]]></category>
			<dc:creator><![CDATA[makintos13]]></dc:creator>
			<guid>http://thepiratebay.org/torrent/19534799/</guid>
			<torrent xmlns="http://xmlns.ezrss.it/0.1/">
				<contentLength>1468000256</contentLength>
				<infoHash>465B9BB9E79E1CB9A3CB0BEBA3CFC00FF869E685</infoHash>
				<magnetURI><![CDATA[magnet:?xt=urn:btih:465B9BB9E79E1CB9A3CB0BEBA3CFC00FF869E685&amp;dn=The+Greatest+Showman+%282017%29+HDTS+AC3]]></magnetURI>
			</torrent>
		</item>
		<item>
			<title><![CDATA[John Wick Chapter 2 2017 HDRip XVid Line-NoGrp]]></title>
			<link>magnet:?xt=urn:btih:308083209E8724B19D165177CAA512CA3FD592DA&amp;dn=John+Wick+Chapter+2+2017+HDRip+XVid+Line-NoGrp</link>
			<comments>http://thepiratebay.org/torrent/17820503</comments>
			<pubDate>Mon, 22 May 2017 23:02:37 +0200</pubDate>
			<category domain="http://thepiratebay.org/browse/201"><![CDATA[Video / Movies]]></category>
			<dc:creator><![CDATA[.BONE.]]></dc:creator>
			<guid>http://thepiratebay.org/torrent/17820503/</guid>
			<torrent xmlns="http://xmlns.ezrss.it/0.1/">
				<contentLength>1395320832</contentLength>
				<infoHash>308083209E8724B19D165177CAA512CA3FD592DA</infoHash>
				<magnetURI><![CDATA[magnet:?xt=urn:btih:308083209E8724B19D165177CAA512CA3FD592DA&amp;dn=John+Wick+Chapter+2+2017+HDRip+XVid+Line-NoGrp]]></magnetURI>
			</torrent>
		</item>
		<item>
			<title><![CDATA[Annihilation.2018.HDRip.XviD.AC3-EVO[EtMovies]]]></title>
			<link>magnet:?xt=urn:btih:DF41BF8E2A80F23F9520C79CDD11914F5E247677&amp;dn=Annihilation.2018.HDRip.XviD.AC3-EVO%5BEtMovies%5D</link>
			<comments>http://thepiratebay.org/torrent/20543121</comments>
			<pubDate>Mon, 12 Mar 2018 08:10:20 +0100</pubDate>
			<category domain="http://thepiratebay.org/browse/201"><![CDATA[Video / Movies]]></category>
			<dc:creator><![CDATA[EtHD]]></dc:creator>
			<guid>http://thepiratebay.org/torrent/20543121/</guid>
			<torrent xmlns="http://xmlns.ezrss.it/0.1/">
				<contentLength>1485668044</contentLength>
				<infoHash>DF41BF8E2A80F23F9520C79CDD11914F5E247677</infoHash>
				<magnetURI><![CDATA[magnet:?xt=urn:btih:DF41BF8E2A80F23F9520C79CDD11914F5E247677&amp;dn=Annihilation.2018.HDRip.XviD.AC3-EVO%5BEtMovies%5D]]></magnetURI>
			</torrent>
		</item>
		<item>
			<title><![CDATA[All.The.Money.In.The.World.2017.BDRip.x264-DRONES[EtMovies]]]></title>
			<link>magnet:?xt=urn:btih:31C642F2AF47B72228BD2DB25AD7D17A5BFBB802&amp;dn=All.The.Money.In.The.World.2017.BDRip.x264-DRONES%5BEtMovies%5D</link>
			<comments>http://thepiratebay.org/torrent/20721133</comments>
			<pubDate>Fri, 23 Mar 2018 23:09:22 +0100</pubDate>
			<category domain="http://thepiratebay.org/browse/201"><![CDATA[Video / Movies]]></category>
			<dc:creator><![CDATA[EtHD]]></dc:creator>
			<guid>http://thepiratebay.org/torrent/20721133/</guid>
			<torrent xmlns="http://xmlns.ezrss.it/0.1/">
				<contentLength>858105244</contentLength>
				<infoHash>31C642F2AF47B72228BD2DB25AD7D17A5BFBB802</infoHash>
				<magnetURI><![CDATA[magnet:?xt=urn:btih:31C642F2AF47B72228BD2DB25AD7D17A5BFBB802&amp;dn=All.The.Money.In.The.World.2017.BDRip.x264-DRONES%5BEtMovies%5D]]></magnetURI>
			</torrent>
		</item>
		<item>
			<title><![CDATA[Baaghi 2 (2018) 1-3 Desi Pre DvD Rip - x264 AC3 - ]]></title>
			<link>magnet:?xt=urn:btih:1F91936EE5B04D3F34EAF017C8F832680A8E80A1&amp;dn=Baaghi+2+%282018%29+1-3+Desi+Pre+DvD+Rip+-+x264+AC3+-+</link>
			<comments>http://thepiratebay.org/torrent/20837805</comments>
			<pubDate>Fri, 30 Mar 2018 17:27:09 +0200</pubDate>
			<category domain="http://thepiratebay.org/browse/201"><![CDATA[Video / Movies]]></category>
			<dc:creator><![CDATA[makintos13]]></dc:creator>
			<guid>http://thepiratebay.org/torrent/20837805/</guid>
			<torrent xmlns="http://xmlns.ezrss.it/0.1/">
				<contentLength>1565739501</contentLength>
				<infoHash>1F91936EE5B04D3F34EAF017C8F832680A8E80A1</infoHash>
				<magnetURI><![CDATA[magnet:?xt=urn:btih:1F91936EE5B04D3F34EAF017C8F832680A8E80A1&amp;dn=Baaghi+2+%282018%29+1-3+Desi+Pre+DvD+Rip+-+x264+AC3+-+]]></magnetURI>
			</torrent>
		</item>
		<item>
			<title><![CDATA[Transformers The Last Knight 2017 720p HD-TC x264-TRUMP]]></title>
			<link>magnet:?xt=urn:btih:28B9885FDCD79BE910863837E72978F7E1AA0991&amp;dn=Transformers+The+Last+Knight+2017+720p+HD-TC+x264-TRUMP</link>
			<comments>http://thepiratebay.org/torrent/17998698</comments>
			<pubDate>Sun, 25 Jun 2017 15:17:43 +0200</pubDate>
			<category domain="http://thepiratebay.org/browse/201"><![CDATA[Video / Movies]]></category>
			<dc:creator><![CDATA[xxxlavalxxx]]></dc:creator>
			<guid>http://thepiratebay.org/torrent/17998698/</guid>
			<torrent xmlns="http://xmlns.ezrss.it/0.1/">
				<contentLength>1891023449</contentLength>
				<infoHash>28B9885FDCD79BE910863837E72978F7E1AA0991</infoHash>
				<magnetURI><![CDATA[magnet:?xt=urn:btih:28B9885FDCD79BE910863837E72978F7E1AA0991&amp;dn=Transformers+The+Last+Knight+2017+720p+HD-TC+x264-TRUMP]]></magnetURI>
			</torrent>
		</item>
		<item>
			<title><![CDATA[Game Night 2018 HDCAM ENG X264 HQMic-SeeHD]]></title>
			<link>magnet:?xt=urn:btih:21DF8847035ECA979B59ACA48C3ABA5914DD988A&amp;dn=Game+Night+2018+HDCAM+ENG+X264+HQMic-SeeHD</link>
			<comments>http://thepiratebay.org/torrent/20336569</comments>
			<pubDate>Wed, 28 Feb 2018 06:28:42 +0100</pubDate>
			<category domain="http://thepiratebay.org/browse/201"><![CDATA[Video / Movies]]></category>
			<dc:creator><![CDATA[xxxlavalxxx]]></dc:creator>
			<guid>http://thepiratebay.org/torrent/20336569/</guid>
			<torrent xmlns="http://xmlns.ezrss.it/0.1/">
				<contentLength>1541910658</contentLength>
				<infoHash>21DF8847035ECA979B59ACA48C3ABA5914DD988A</infoHash>
				<magnetURI><![CDATA[magnet:?xt=urn:btih:21DF8847035ECA979B59ACA48C3ABA5914DD988A&amp;dn=Game+Night+2018+HDCAM+ENG+X264+HQMic-SeeHD]]></magnetURI>
			</torrent>
		</item>
		<item>
			<title><![CDATA[Kingsman The Golden Circle 2017 TS Xvid AC3 ]]></title>
			<link>magnet:?xt=urn:btih:4D1CCAEA6CCCDF118D5B327C3F1D7B1C183C19AD&amp;dn=Kingsman+The+Golden+Circle+2017+TS+Xvid+AC3+</link>
			<comments>http://thepiratebay.org/torrent/18634672</comments>
			<pubDate>Sat, 23 Sep 2017 01:51:09 +0200</pubDate>
			<category domain="http://thepiratebay.org/browse/201"><![CDATA[Video / Movies]]></category>
			<dc:creator><![CDATA[makintos13]]></dc:creator>
			<guid>http://thepiratebay.org/torrent/18634672/</guid>
			<torrent xmlns="http://xmlns.ezrss.it/0.1/">
				<contentLength>1467668480</contentLength>
				<infoHash>4D1CCAEA6CCCDF118D5B327C3F1D7B1C183C19AD</infoHash>
				<magnetURI><![CDATA[magnet:?xt=urn:btih:4D1CCAEA6CCCDF118D5B327C3F1D7B1C183C19AD&amp;dn=Kingsman+The+Golden+Circle+2017+TS+Xvid+AC3+]]></magnetURI>
			</torrent>
		</item>
		<item>
			<title><![CDATA[Pirates of the Caribbean Dead Men Tell No Tales 2017 PROPER HD-T]]></title>
			<link>magnet:?xt=urn:btih:F9645548D732E37A66C2794BE12AA23FDD14B191&amp;dn=Pirates+of+the+Caribbean+Dead+Men+Tell+No+Tales+2017+PROPER+HD-T</link>
			<comments>http://thepiratebay.org/torrent/17843896</comments>
			<pubDate>Thu, 01 Jun 2017 08:17:31 +0200</pubDate>
			<category domain="http://thepiratebay.org/browse/201"><![CDATA[Video / Movies]]></category>
			<dc:creator><![CDATA[xxxlavalxxx]]></dc:creator>
			<guid>http://thepiratebay.org/torrent/17843896/</guid>
			<torrent xmlns="http://xmlns.ezrss.it/0.1/">
				<contentLength>2419252276</contentLength>
				<infoHash>F9645548D732E37A66C2794BE12AA23FDD14B191</infoHash>
				<magnetURI><![CDATA[magnet:?xt=urn:btih:F9645548D732E37A66C2794BE12AA23FDD14B191&amp;dn=Pirates+of+the+Caribbean+Dead+Men+Tell+No+Tales+2017+PROPER+HD-T]]></magnetURI>
			</torrent>
		</item>
		<item>
			<title><![CDATA[The Mountain Between Us 2017 BRRip XviD AC3-EVO]]></title>
			<link>magnet:?xt=urn:btih:2104558C3AE9C6F80BEF4039354EF06CFBDC1694&amp;dn=The+Mountain+Between+Us+2017+BRRip+XviD+AC3-EVO</link>
			<comments>http://thepiratebay.org/torrent/19334330</comments>
			<pubDate>Tue, 12 Dec 2017 23:57:20 +0100</pubDate>
			<category domain="http://thepiratebay.org/browse/201"><![CDATA[Video / Movies]]></category>
			<dc:creator><![CDATA[hotpena]]></dc:creator>
			<guid>http://thepiratebay.org/torrent/19334330/</guid>
			<torrent xmlns="http://xmlns.ezrss.it/0.1/">
				<contentLength>1500161378</contentLength>
				<infoHash>2104558C3AE9C6F80BEF4039354EF06CFBDC1694</infoHash>
				<magnetURI><![CDATA[magnet:?xt=urn:btih:2104558C3AE9C6F80BEF4039354EF06CFBDC1694&amp;dn=The+Mountain+Between+Us+2017+BRRip+XviD+AC3-EVO]]></magnetURI>
			</torrent>
		</item>
		<item>
			<title><![CDATA[Tomb.Raider.2018.ENG.HDCAM.XViD-AKOAM]]></title>
			<link>magnet:?xt=urn:btih:DC560A4DEC785DAA1071545D01A785EBD9C2F67A&amp;dn=Tomb.Raider.2018.ENG.HDCAM.XViD-AKOAM</link>
			<comments>http://thepiratebay.org/torrent/20604027</comments>
			<pubDate>Fri, 16 Mar 2018 09:51:06 +0100</pubDate>
			<category domain="http://thepiratebay.org/browse/201"><![CDATA[Video / Movies]]></category>
			<dc:creator><![CDATA[makintos13]]></dc:creator>
			<guid>http://thepiratebay.org/torrent/20604027/</guid>
			<torrent xmlns="http://xmlns.ezrss.it/0.1/">
				<contentLength>1163943936</contentLength>
				<infoHash>DC560A4DEC785DAA1071545D01A785EBD9C2F67A</infoHash>
				<magnetURI><![CDATA[magnet:?xt=urn:btih:DC560A4DEC785DAA1071545D01A785EBD9C2F67A&amp;dn=Tomb.Raider.2018.ENG.HDCAM.XViD-AKOAM]]></magnetURI>
			</torrent>
		</item>
		<item>
			<title><![CDATA[Passengers.2016.HC.HDRip.XViD.AC3-ETRG]]></title>
			<link>magnet:?xt=urn:btih:145BBEE8591EEC41C1D743C2DBE18BD7386A319D&amp;dn=Passengers.2016.HC.HDRip.XViD.AC3-ETRG</link>
			<comments>http://thepiratebay.org/torrent/17014965</comments>
			<pubDate>Fri, 03 Feb 2017 19:03:36 +0100</pubDate>
			<category domain="http://thepiratebay.org/browse/201"><![CDATA[Video / Movies]]></category>
			<dc:creator><![CDATA[ETRG]]></dc:creator>
			<guid>http://thepiratebay.org/torrent/17014965/</guid>
			<torrent xmlns="http://xmlns.ezrss.it/0.1/">
				<contentLength>1498509321</contentLength>
				<infoHash>145BBEE8591EEC41C1D743C2DBE18BD7386A319D</infoHash>
				<magnetURI><![CDATA[magnet:?xt=urn:btih:145BBEE8591EEC41C1D743C2DBE18BD7386A319D&amp;dn=Passengers.2016.HC.HDRip.XViD.AC3-ETRG]]></magnetURI>
			</torrent>
		</item>
		<item>
			<title><![CDATA[Moonlight.2016.DVDScr.XVID.AC3.HQ.Hive-CM8]]></title>
			<link>magnet:?xt=urn:btih:E7CFB8949BB6A10E58E415EAEE09971585770595&amp;dn=Moonlight.2016.DVDScr.XVID.AC3.HQ.Hive-CM8</link>
			<comments>http://thepiratebay.org/torrent/16790225</comments>
			<pubDate>Sun, 15 Jan 2017 12:57:03 +0100</pubDate>
			<category domain="http://thepiratebay.org/browse/201"><![CDATA[Video / Movies]]></category>
			<dc:creator><![CDATA[xxxlavalxxx]]></dc:creator>
			<guid>http://thepiratebay.org/torrent/16790225/</guid>
			<torrent xmlns="http://xmlns.ezrss.it/0.1/">
				<contentLength>1571785227</contentLength>
				<infoHash>E7CFB8949BB6A10E58E415EAEE09971585770595</infoHash>
				<magnetURI><![CDATA[magnet:?xt=urn:btih:E7CFB8949BB6A10E58E415EAEE09971585770595&amp;dn=Moonlight.2016.DVDScr.XVID.AC3.HQ.Hive-CM8]]></magnetURI>
			</torrent>
		</item>
		<item>
			<title><![CDATA[Braven.2018.HDRip.XviD.AC3-EVO]]></title>
			<link>magnet:?xt=urn:btih:22BDEA3F1DF0CCC51DA93503199AE019D40E048F&amp;dn=Braven.2018.HDRip.XviD.AC3-EVO</link>
			<comments>http://thepiratebay.org/torrent/19916795</comments>
			<pubDate>Fri, 02 Feb 2018 11:08:53 +0100</pubDate>
			<category domain="http://thepiratebay.org/browse/201"><![CDATA[Video / Movies]]></category>
			<dc:creator><![CDATA[xxxlavalxxx]]></dc:creator>
			<guid>http://thepiratebay.org/torrent/19916795/</guid>
			<torrent xmlns="http://xmlns.ezrss.it/0.1/">
				<contentLength>1497165702</contentLength>
				<infoHash>22BDEA3F1DF0CCC51DA93503199AE019D40E048F</infoHash>
				<magnetURI><![CDATA[magnet:?xt=urn:btih:22BDEA3F1DF0CCC51DA93503199AE019D40E048F&amp;dn=Braven.2018.HDRip.XviD.AC3-EVO]]></magnetURI>
			</torrent>
		</item>
		<item>
			<title><![CDATA[Hidden.Figures.2016.DVDSCR-P2P]]></title>
			<link>magnet:?xt=urn:btih:5C373C4818CE2B1BFC6F77A3646D6712CC1DEDC4&amp;dn=Hidden.Figures.2016.DVDSCR-P2P</link>
			<comments>http://thepiratebay.org/torrent/16758865</comments>
			<pubDate>Thu, 12 Jan 2017 14:26:32 +0100</pubDate>
			<category domain="http://thepiratebay.org/browse/201"><![CDATA[Video / Movies]]></category>
			<dc:creator><![CDATA[xxxlavalxxx]]></dc:creator>
			<guid>http://thepiratebay.org/torrent/16758865/</guid>
			<torrent xmlns="http://xmlns.ezrss.it/0.1/">
				<contentLength>852825396</contentLength>
				<infoHash>5C373C4818CE2B1BFC6F77A3646D6712CC1DEDC4</infoHash>
				<magnetURI><![CDATA[magnet:?xt=urn:btih:5C373C4818CE2B1BFC6F77A3646D6712CC1DEDC4&amp;dn=Hidden.Figures.2016.DVDSCR-P2P]]></magnetURI>
			</torrent>
		</item>
		<item>
			<title><![CDATA[18+ Fifty Shades Freed 2018 UNCENSORED HD TS x264 Clean Audio]]></title>
			<link>magnet:?xt=urn:btih:1EB07B32723DA9C17A1E24E568603ECD24E3E30D&amp;dn=18%2B+Fifty+Shades+Freed+2018+UNCENSORED+HD+TS+x264+Clean+Audio</link>
			<comments>http://thepiratebay.org/torrent/20003169</comments>
			<pubDate>Sat, 10 Feb 2018 02:46:43 +0100</pubDate>
			<category domain="http://thepiratebay.org/browse/201"><![CDATA[Video / Movies]]></category>
			<dc:creator><![CDATA[basicssom]]></dc:creator>
			<guid>http://thepiratebay.org/torrent/20003169/</guid>
			<torrent xmlns="http://xmlns.ezrss.it/0.1/">
				<contentLength>744483881</contentLength>
				<infoHash>1EB07B32723DA9C17A1E24E568603ECD24E3E30D</infoHash>
				<magnetURI><![CDATA[magnet:?xt=urn:btih:1EB07B32723DA9C17A1E24E568603ECD24E3E30D&amp;dn=18%2B+Fifty+Shades+Freed+2018+UNCENSORED+HD+TS+x264+Clean+Audio]]></magnetURI>
			</torrent>
		</item>
		<item>
			<title><![CDATA[Maze Runner: The Death Cure (2018) 720p HC HDTC 1GB - MkvCage]]></title>
			<link>magnet:?xt=urn:btih:DC4D38D9CE8F38E8A24A85D6B360FE2799DDFD31&amp;dn=Maze+Runner%3A+The+Death+Cure+%282018%29+720p+HC+HDTC+1GB+-+MkvCage</link>
			<comments>http://thepiratebay.org/torrent/20431562</comments>
			<pubDate>Wed, 07 Mar 2018 07:27:41 +0100</pubDate>
			<category domain="http://thepiratebay.org/browse/201"><![CDATA[Video / Movies]]></category>
			<dc:creator><![CDATA[makintos13]]></dc:creator>
			<guid>http://thepiratebay.org/torrent/20431562/</guid>
			<torrent xmlns="http://xmlns.ezrss.it/0.1/">
				<contentLength>1114576396</contentLength>
				<infoHash>DC4D38D9CE8F38E8A24A85D6B360FE2799DDFD31</infoHash>
				<magnetURI><![CDATA[magnet:?xt=urn:btih:DC4D38D9CE8F38E8A24A85D6B360FE2799DDFD31&amp;dn=Maze+Runner%3A+The+Death+Cure+%282018%29+720p+HC+HDTC+1GB+-+MkvCage]]></magnetURI>
			</torrent>
		</item>
		<item>
			<title><![CDATA[Insidious (2010) 720p BrRip x264 - 650MB - YIFY]]></title>
			<link>magnet:?xt=urn:btih:293734A535A1820B4B4383DD4D15B1A2952675DB&amp;dn=Insidious+%282010%29+720p+BrRip+x264+-+650MB+-+YIFY</link>
			<comments>http://thepiratebay.org/torrent/7547337</comments>
			<pubDate>Sun, 19 Aug 2012 13:58:33 +0200</pubDate>
			<category domain="http://thepiratebay.org/browse/201"><![CDATA[Video / Movies]]></category>
			<dc:creator><![CDATA[YIFY]]></dc:creator>
			<guid>http://thepiratebay.org/torrent/7547337/</guid>
			<torrent xmlns="http://xmlns.ezrss.it/0.1/">
				<contentLength>682279206</contentLength>
				<infoHash>293734A535A1820B4B4383DD4D15B1A2952675DB</infoHash>
				<magnetURI><![CDATA[magnet:?xt=urn:btih:293734A535A1820B4B4383DD4D15B1A2952675DB&amp;dn=Insidious+%282010%29+720p+BrRip+x264+-+650MB+-+YIFY]]></magnetURI>
			</torrent>
		</item>
		<item>
			<title><![CDATA[Star.Wars.Episode.VII.The.Force.Awakens.2015.BRRip XViD ETRG]]></title>
			<link>magnet:?xt=urn:btih:1B55B9F6A602A38E227D22E2BF36513182EB011C&amp;dn=Star.Wars.Episode.VII.The.Force.Awakens.2015.BRRip+XViD+ETRG</link>
			<comments>http://thepiratebay.org/torrent/13980452</comments>
			<pubDate>Tue, 22 Mar 2016 21:09:18 +0100</pubDate>
			<category domain="http://thepiratebay.org/browse/201"><![CDATA[Video / Movies]]></category>
			<dc:creator><![CDATA[ETRG]]></dc:creator>
			<guid>http://thepiratebay.org/torrent/13980452/</guid>
			<torrent xmlns="http://xmlns.ezrss.it/0.1/">
				<contentLength>1531922034</contentLength>
				<infoHash>1B55B9F6A602A38E227D22E2BF36513182EB011C</infoHash>
				<magnetURI><![CDATA[magnet:?xt=urn:btih:1B55B9F6A602A38E227D22E2BF36513182EB011C&amp;dn=Star.Wars.Episode.VII.The.Force.Awakens.2015.BRRip+XViD+ETRG]]></magnetURI>
			</torrent>
		</item>
		<item>
			<title><![CDATA[Lion.2016.DVDScr.XVID.AC3.HQ.Hive-CM8]]></title>
			<link>magnet:?xt=urn:btih:2A31D18580852C9790C17609FEED83063EE2F388&amp;dn=Lion.2016.DVDScr.XVID.AC3.HQ.Hive-CM8</link>
			<comments>http://thepiratebay.org/torrent/16945371</comments>
			<pubDate>Sat, 28 Jan 2017 09:06:11 +0100</pubDate>
			<category domain="http://thepiratebay.org/browse/201"><![CDATA[Video / Movies]]></category>
			<dc:creator><![CDATA[SaM]]></dc:creator>
			<guid>http://thepiratebay.org/torrent/16945371/</guid>
			<torrent xmlns="http://xmlns.ezrss.it/0.1/">
				<contentLength>1971958252</contentLength>
				<infoHash>2A31D18580852C9790C17609FEED83063EE2F388</infoHash>
				<magnetURI><![CDATA[magnet:?xt=urn:btih:2A31D18580852C9790C17609FEED83063EE2F388&amp;dn=Lion.2016.DVDScr.XVID.AC3.HQ.Hive-CM8]]></magnetURI>
			</torrent>
		</item>
		<item>
			<title><![CDATA[Fifty Shades Freed.2018.HDRip.XviD.AC3-EVO]]></title>
			<link>magnet:?xt=urn:btih:8454DB116548928F211F3A13DF01BB457AE35978&amp;dn=Fifty+Shades+Freed.2018.HDRip.XviD.AC3-EVO</link>
			<comments>http://thepiratebay.org/torrent/21012557</comments>
			<pubDate>Sat, 07 Apr 2018 00:16:31 +0200</pubDate>
			<category domain="http://thepiratebay.org/browse/201"><![CDATA[Video / Movies]]></category>
			<dc:creator><![CDATA[TvTeam]]></dc:creator>
			<guid>http://thepiratebay.org/torrent/21012557/</guid>
			<torrent xmlns="http://xmlns.ezrss.it/0.1/">
				<contentLength>1510781348</contentLength>
				<infoHash>8454DB116548928F211F3A13DF01BB457AE35978</infoHash>
				<magnetURI><![CDATA[magnet:?xt=urn:btih:8454DB116548928F211F3A13DF01BB457AE35978&amp;dn=Fifty+Shades+Freed.2018.HDRip.XviD.AC3-EVO]]></magnetURI>
			</torrent>
		</item>
	</channel>
</rss>